Timestamp, IP5-H:Pos, IP5-H:Residuals, IP5-V:Pos, IP5-V:Residuals
NUMBER-POINTS 681
1.463588621286E12,46.26528746538835,223.77434800551939,5.910157630155263,187.3972399807873
1.463588661286E12,47.41487574668103,226.10201999422722,4.256792605886643,189.77515005092752
1.463588701286E12,46.738815693104414,224.95449539618298,5.83228459646916,188.38569525632974
1.463588741286E12,46.0066797951468,225.94886757321322,4.939264380695601,189.70287445464413
1.463588781287E12,48.38046689711362,225.0248135519594,5.121380655712556,188.51746855563982
1.463588821286E12,46.47165504000362,224.91555114105142,5.8959997818562915,187.2775324531897
1.463588861286E12,46.60028391344446,227.0047093198972,4.610887819560472,190.46440259960028
1.463588901286E12,46.96830429166957,224.74567577409837,6.121696496196995,188.13578048629716
1.463588941286E12,46.03667623392547,226.35583330625266,5.754822654011877,188.99229672856887
1.463588981286E12,46.84335003828585,224.91620778539104,5.722564677943237,186.91869359422844
1.463589021326E12,46.64406167531864,226.8120309420748,5.406779582178009,189.4610452611591
1.463589061326E12,47.13515097106158,225.6892660516564,6.465970261973519,187.2752965963732
1.463589101326E12,47.30915352726727,226.4694443422639,4.395652818442461,189.32886006325776
1.463589141326E12,46.77052000336243,224.89231203311707,5.587137755962531,187.4802805538594
1.463589181326E12,46.51378108527855,226.02057885549874,4.977324253462815,189.70807848508954
1.463589221326E12,46.80092044030666,225.67191130452446,3.915520764363035,190.09952611843232
1.463589261326E12,44.880160886951835,224.2295740768906,5.626006479346865,187.82392146679132
1.463589301326E12,44.15301748537206,226.6743331341438,3.6833704964429916,190.20505710084274
1.463589341326E12,44.768105139521566,226.34838970212596,3.3502505124921833,189.01129925311025
1.463589381326E12,44.16262736274248,225.3340813830742,4.5839606973229055,189.37705453915754
1.463589421326E12,44.11890810382608,225.13499605331745,5.004561267694672,188.2718410386925
1.463589461326E12,43.40181225561724,225.51672576179848,4.489084334384061,189.13931203030057
1.463589501366E12,43.35198962502869,224.58322375195783,5.237257767154081,188.33303697035703
1.463589541366E12,43.59151797454717,225.21206707146956,4.243964068752168,190.89350974236288
1.463589581366E12,43.34079976770346,225.00092262056248,6.22997795175844,187.59134866993148
1.463589621366E12,43.49372916456492,225.39191366382232,4.488883589578628,190.17943623360327
1.463589661366E12,44.71367237636952,224.87990472688836,4.035764888320578,188.66731018875768
1.463589701366E12,43.184253515984324,224.1880686406061,6.392379032230955,187.52022639660996
1.463589741366E12,44.73506530771054,225.96732586384908,4.832659421955411,189.94154753728682
1.463589781367E12,43.10160358510779,223.60495750742507,6.830488179536737,187.45026808855275
1.463589821367E12,43.00921376750949,225.15770441100437,6.664061034108056,188.1877836156922
1.463589861366E12,44.30285538711348,225.74507817517943,5.030387604245089,189.4838731736148
1.463589901366E12,43.054802437668286,223.9703780421034,5.354286292492421,188.3282694534272
1.463589941366E12,44.436437701104126,226.1144515854631,4.618060422635011,191.0829836600489
1.463589981366E12,44.877169720661755,224.95774467860937,6.710275103260955,187.5982307850199
1.463590021366E12,43.52857828315662,224.78616682887358,5.3858912046744525,188.85031593278765
1.463590061408E12,43.86534973145619,224.39333566373898,7.171096475477135,188.84546526758947
1.463590101406E12,44.01054781273684,225.12522539937743,6.151827232423684,189.87057716817444
1.463590141406E12,44.71925109201917,223.50697204634375,6.899035604880432,188.45834650113733
1.463590181406E12,43.485431287322875,224.00792709193303,7.382402326590729,187.64840349381436
1.463590221406E12,42.9497321145783,225.81123853247968,5.640088721352803,190.06886178186033
1.463590261406E12,45.33600314960344,226.52817988609766,4.994395342100868,190.6681536834901
1.463590301406E12,44.12481809331457,223.00867780455897,7.135460753292487,188.69142203767413
1.463590341406E12,43.94069514610382,225.22121551220735,4.109880699243502,190.52808742679343
1.463590381406E12,43.346727505608996,223.97611431509605,7.051987718130159,188.33287218829736
1.463590421406E12,41.696980961387915,225.93140562219887,7.446624378447001,189.66181349880605
1.463590461406E12,41.42746909003189,226.4937545285801,7.178442300350993,189.78100991216905
1.463590501406E12,41.81375787799163,226.14736198620759,6.757842118197103,190.0208181770874
1.463590541406E12,39.503915132467,225.32558332830516,5.953094680318241,189.6480125580667
1.463590581446E12,41.80141554519684,226.7454269932003,3.264343914395124,190.94382542823521
1.463590621446E12,40.1738878404589,223.40680427344162,5.664960201075927,188.83475226336196
1.463590661446E12,46.00526266255904,224.72510022952403,7.3513551518407585,188.75718289127403
1.463590701446E12,39.47753095409,225.9950173871944,5.546118644671952,191.57679142144642
1.463590741446E12,40.76926230884286,225.1089336211445,6.460951281900828,188.07115356045765
1.463590781447E12,40.670092827284314,224.38106775292312,6.135170422355208,188.5048448310536
1.463590821446E12,41.603474512889086,226.28481650316905,3.7007278353631716,191.5402074770766
1.463590861446E12,41.779813042556995,224.82567825237092,5.743400361751552,187.55844124032237
1.463590901446E12,41.98843245747166,225.65084902829963,4.527121513289144,191.14290428097135
1.463590941446E12,40.797333723975854,224.38689562706688,6.790486641447037,188.59402383931632
1.463590981446E12,40.003603509309535,225.9051988307659,7.14528453831119,189.0216203489992
1.463591021446E12,41.51264992499792,227.07736105620228,6.582489238122581,190.77064611740607
1.463591061446E12,40.09247389291858,225.0937583274465,7.952435898946016,187.85954249703045
1.463591101446E12,39.990735931997975,225.98492025378394,8.218207112216357,189.80464446750074
1.463591141486E12,40.806659463550226,226.82556614896518,6.345996717668977,190.63281404802845
1.463591181486E12,40.42060727818635,225.37807975380093,5.719327377018829,190.3372264832988
1.463591221486E12,39.22686738724212,224.64756511117997,6.919348461899742,188.4334784967309
1.463591261486E12,39.45194998932545,225.289683282954,5.458816398935951,189.73158015619674
1.463591301486E12,38.7874904423456,223.749577781725,6.508410637601777,189.23043092275077
1.463591341486E12,39.389643132610175,224.66823996380126,6.1155264469207635,189.45972215461782
1.463591381486E12,38.416511752661364,224.69566497582343,6.515289916151808,188.5872444315828
1.463591421486E12,39.278754014764324,223.27913600205534,6.235938803976046,188.38949784078588
1.463591461486E12,43.39318109410282,224.78259831541376,8.425394822531025,187.86476010770315
1.463591501486E12,38.590040281727475,223.94592395694428,7.017004732466402,189.02648698506525
1.463591541486E12,38.76512254051512,224.8268812975612,8.268815587454233,187.86272499098592
1.463591581486E12,38.270400613150606,224.85898408417347,6.769552563339469,189.68172975978516
1.463591621486E12,37.44227002009813,224.68975291215764,7.324585384514868,188.9593947286047
1.463591661526E12,38.3739012861604,225.89587987261743,6.770256679953409,189.8232216560331
1.463591701526E12,36.28454850132968,224.07364608565405,7.057283617320857,189.66125979576398
1.463591741526E12,37.42647031648503,225.70063509772717,7.8803532718713205,188.688536955837
1.463591781526E12,41.584240903985574,226.84422564715746,6.322060262268288,191.8298834111193
1.463591821526E12,37.95972181760944,225.25917443582472,7.232161080452331,188.83215759865175
1.463591861526E12,35.151247013275416,226.1243954904379,4.282091711771547,191.3778285566248
1.463591901527E12,37.97204390757602,222.93505356224605,6.844367658823226,188.09921807679083
1.463591941527E12,36.778966109262,224.86775781245413,6.746327730459856,188.75417706803466
1.463591981526E12,45.43377644017388,226.08862104039278,6.977544768033989,191.51208364222703
1.463592021526E12,38.52244973532865,223.92916671331187,8.21609304626916,188.9051564139656
1.463592061526E12,34.049986818036864,224.78578177492722,7.582852309295545,188.43658597267776
1.463592101526E12,39.050811460438645,225.72608194084688,6.9584116757973,190.2303081100464
1.463592141526E12,37.87382586139022,225.13437254355236,6.7431215149022306,189.807674437235
1.463592181566E12,38.29822612161903,225.01653600260784,7.969923514958099,189.21907314836952
1.463592221566E12,39.135697676746354,226.37973260046036,8.151019714975213,189.34833092182706
1.463592261566E12,33.83164372704964,224.83035538934314,7.060000081466253,188.27170441063967
1.463592301566E12,35.15420640393152,225.08071411011005,5.39688414935536,190.2226223987336
1.463592341566E12,35.627145895891736,224.01685661481216,6.258832423089752,188.3840377258401
1.463592381566E12,35.70303177103521,225.64438131838236,6.409382833334317,189.83687953130894
1.463592421566E12,36.50082435421165,226.87431041530743,5.074988094231966,191.748739637342
1.463592461567E12,40.40369822641501,224.98750461448407,7.6391299229127325,187.68954730561083
1.463592501567E12,34.917630841712146,226.27208081785037,7.266918343242877,190.08788010956738
1.463592541567E12,37.88602628500775,227.2734271561049,5.044066783029774,192.30799229934016
1.463592581566E12,35.37212298230054,224.60316862404864,7.2133110051701905,187.7586074925759
1.463592621566E12,36.92434535741898,225.41033962670053,6.072219205113671,190.39220807356043
1.463592661566E12,37.807704391820955,223.40880288072998,7.41820383200782,188.50314626167525
1.463592701566E12,36.78498837792206,224.37137902147282,8.552333983183088,188.99904955746564
1.463592741606E12,33.62812135585387,224.21181269148119,6.201801445451091,188.5296530641436
1.463592781606E12,39.566993943278426,224.4368223148106,9.102203076491897,187.9322286367803
1.463592821606E12,35.6405233124065,227.34046848703017,9.241341447987864,189.26434047383847
1.463592861606E12,37.07908139474535,227.05961920240028,8.443074804425748,189.9505599763475
1.463592901606E12,36.34575772614246,226.55082582264322,9.011841700343716,189.36728392727025
1.463592941606E12,32.07424088973096,226.05512295199281,5.723358062802564,192.29748183196688
1.463592981606E12,40.48571285827461,225.34058482838387,9.084419103738501,189.0166556643704
1.463593021606E12,36.30040162589181,226.66160478666035,8.873227008775947,190.00763826236405
1.463593061606E12,32.84335066336456,227.0258970309193,6.100758513138678,192.14504696849377
1.463593101606E12,36.92537984343365,225.52473697143841,8.36936710303924,188.60606753309216
1.463593141606E12,35.78387563326439,226.12577287664624,7.621951506557399,190.25893986351832
1.463593181606E12,37.20440836928562,226.00956771669917,7.734150804765157,190.09116883684726
1.463593221646E12,36.59039855710774,225.18411624288206,9.083472613209679,188.9679421763478
1.463593261646E12,35.98047007298705,225.07562483728822,9.030155597314861,191.00425450813367
1.463593301646E12,33.832684569505986,227.30618794930862,8.192230795287209,191.40558566420944
1.463593341646E12,38.70785937921064,224.3833779232735,10.38311755434884,188.93385517567802
1.463593381646E12,36.50815446574913,226.43022492966668,11.748275225737894,188.6055728883292
1.463593421646E12,32.94132737116777,226.39985620844948,8.874208102129414,190.05249058262703
1.463593461646E12,39.72100274426459,225.68768789616317,8.229098405423969,190.80524532014397
1.463593501646E12,37.88580714671239,223.2787158405291,7.789006981694151,189.26032331933965
1.463593541646E12,35.32018891802549,223.46429954937446,8.34991089055895,189.16856525838324
1.463593581646E12,35.50091950424388,225.947993153878,6.167433141770432,191.3236118071937
1.463593621646E12,32.17974253548478,224.9779566795485,6.586862556556765,190.05185419925337
1.463593661646E12,41.76718703016797,224.18859914732553,7.2680753427792055,189.11589276789672
1.463593701646E12,35.340636480993304,224.79046048356085,6.209603360202215,189.25302420333554
1.463593741686E12,37.132870196129765,226.36975686848828,5.114937294582966,192.02338539037459
1.463593781686E12,37.1271523144514,223.96131870617154,4.345437287638211,187.94087939015225
1.463593821686E12,36.36622357292957,224.92406654404937,4.846149903425928,189.71955756086703
1.463593861686E12,34.89321599773074,225.5024149778873,3.445328497330309,192.19054782739443
1.463593901686E12,36.345222613963145,224.86040086911834,5.545315490926279,190.25859914362354
1.463593941686E12,36.156862670636976,224.14729066669008,4.445266821428018,189.35686807063016
1.463593981686E12,38.38658310576848,224.87221140675805,7.37244229435023,188.13973288705643
1.463594021686E12,36.442716342812105,225.44425953506885,6.633500852237587,189.92176017426038
1.463594061686E12,31.97985184983001,226.10271960194453,4.147965551140808,192.5790981591139
1.463594101686E12,34.98352111421705,224.15930901244639,6.9620792667789955,187.69459219480981
1.463594141686E12,40.034236512983334,225.59712123070076,5.7459553988514305,189.3137140664907
1.463594181686E12,36.254055105975795,225.02156063257968,5.580540062946183,189.56136492125742
1.463594221686E12,34.50039563632452,225.30321359622755,2.8688117985526005,191.7169088444475
1.463594261726E12,35.85724854857727,224.25367125665403,4.210176286246016,188.8894216198302
1.463594301726E12,31.415870802097167,225.3254916379346,3.1461408169798166,189.8927904470439
1.463594341726E12,35.38473131825688,226.41507689982245,5.091338651941279,189.14760821575007
1.463594381726E12,36.55435477170318,226.8370728307982,2.8000460584936624,192.38859836945502
1.463594421726E12,36.15509687286653,224.9313295453529,4.876739510253113,189.03072165762683
1.463594461726E12,34.752803501194684,225.86757763471095,3.115126717934559,191.9010727630588
1.463594501726E12,34.230924465576294,224.47083529968427,4.084309579018743,188.99614821924249
1.463594541726E12,34.39864287313117,225.0871647869951,2.765512746647004,191.7098788278244
1.463594581726E12,34.06239888669368,223.54626208587138,4.429020169066799,187.94847248044022
1.463594621726E12,33.74837000480944,224.3933476080943,2.7017294202769833,190.43286498803087
1.463594661726E12,33.55452961035635,223.74863259404668,2.9489136715790747,188.92086374723033
1.463594701726E12,33.206356802905,225.59435618175905,4.078465565246342,190.16402848045703
1.463594741726E12,32.62849237073574,225.1951280307523,2.499058410326709,189.18491965490148
1.463594781766E12,32.863830606450165,225.1560652851464,2.603257675260815,189.0658382379985
1.463594821766E12,32.51560512202977,225.38628633941545,3.788107066991785,189.24161805753081
1.463594861766E12,34.6107150446215,225.30479059725155,2.1571403704910073,190.71934447977122
1.463594901766E12,31.728466874397448,224.34789143505958,2.7157064376581976,188.17332666397132
1.463594941764E12,34.30826265311058,225.18921944957032,2.0737515710208214,190.6983873377424
1.463594981766E12,35.145210271459234,224.16536105783482,5.030668083300891,187.98119900070816
1.463595021766E12,34.76607409287131,225.47897358894187,4.227101612214126,189.8149942870089
1.463595061766E12,35.3985449837638,226.38788045809423,3.938283144121914,190.6288255704937
1.463595101766E12,35.6205109614304,227.24693896704133,1.9226444709932076,191.45946375104117
1.463595141766E12,35.20659176474977,225.16400404008863,2.8779903095848542,188.61166544897785
1.463595181763E12,36.280269140310736,226.06737642870362,1.5004250172298788,191.1896168204444
1.463595221766E12,35.87843135068644,224.5083323651448,4.16269780040233,187.99448361526143
1.463595261766E12,36.489217629519594,224.75588775411205,2.1933619692900677,188.96610220226967
1.463595301766E12,35.25527752801045,224.32012723920283,3.022033092321048,188.49714432833463
1.463595341806E12,35.893194269999746,225.53357107009379,1.116377961352577,191.86095032947787
1.463595381806E12,37.12981151446993,224.09562504666454,2.1468154427702775,189.29943397719475
1.463595421806E12,33.9054398834723,223.90818873035244,0.9057490345332856,189.45389849540052
1.463595461806E12,34.836921452373865,225.0528526187182,-1.2535322554396269,192.2672159980926
1.463595501806E12,34.555855736988384,223.91430245003787,0.7793038213756706,188.43494728464674
1.463595541806E12,33.53909602503622,225.3275180697946,0.1277501918173508,191.18266981938177
1.463595581806E12,34.307512600736736,225.37891924785728,0.7386941024219598,189.38050271387178
1.463595621806E12,32.76242861638951,225.25604448121467,-0.309027770294109,190.62198247661757
1.463595661806E12,33.71363766978506,224.6811538806807,0.17839335501996673,188.44479725130935
1.463595701804E12,32.33616847402301,225.61237563764993,1.0339675512190312,190.03331375979965
1.463595741806E12,33.056983246306984,226.03755916301887,0.11229681768681135,191.03594820147245
1.463595781806E12,33.78066276103047,226.01379648758035,-0.5037367793229977,191.46904907628243
1.463595821806E12,33.65204669597818,224.05042670830528,1.3868710474045023,187.89926938643382
1.463595861806E12,33.10390617398481,225.50050833697236,0.8320027007439893,189.78264800073552
1.463595901846E12,34.08818330072361,224.26534072348437,1.711049725342056,188.1033751144633
1.463595941846E12,34.51004477738412,225.27864769088634,-0.22967023641671566,191.7825244802906
1.463595981846E12,34.07896176750124,223.99816010772017,0.8694785053334696,188.639317154136
1.463596021846E12,34.46667550635357,225.11702649277012,0.6703315601083752,190.68025078254965
1.463596061846E12,34.0419238869953,224.07896585959446,1.1324309854367731,189.75509700186495
1.463596101846E12,34.55687148241223,225.33170755288367,0.34247501033917394,190.36663313102716
1.463596141846E12,34.50952486073347,224.5737620268879,0.5087700328804854,190.02229659959463
1.463596181846E12,36.34473193627733,224.16290636527944,-0.14655438791184253,188.74436482785939
1.463596221846E12,36.3477004009593,225.57019709853824,0.2363883255386243,191.01234085302602
1.463596261846E12,35.41262121225848,225.20930881497583,1.142764073004286,188.72561082944483
1.463596301846E12,35.39627109147364,226.89922016407766,1.1626694676304559,189.4768030497855
1.463596341846E12,36.03201642439998,227.4763400586086,1.3940810860074127,190.65387409050112
1.463596381846E12,37.18788290190856,227.08523925211512,-0.542580762935653,191.01972984509337
1.463596421846E12,36.54826790043739,224.87401949478962,-0.04440014229151185,189.34471458192266
1.463596461886E12,37.03225388881109,226.33467532894545,-0.11334192897549826,191.8052697260579
1.463596501886E12,37.350691483922844,224.0686960214232,-0.4020215847059443,189.67284100109237
1.463596541886E12,36.524322474771935,223.47807557416735,1.6698661367743304,189.01488214404142
1.463596581886E12,37.25217743544451,224.7429420234466,-0.5789625534897681,191.71584561332978
1.463596621886E12,36.52498805061595,223.81951810829506,0.882069407703262,188.73922571033165
1.463596661886E12,34.251982270841815,225.21348537207928,0.15002618864649625,190.62335814042356
1.463596701886E12,35.846052095383484,225.95241435453192,-1.0372830674971267,189.6598884527162
1.463596741886E12,38.516168186442165,225.36146742259606,-0.028929418870915026,189.7293313839518
1.463596781886E12,34.811206809603334,226.4500234712803,-1.0002880845910362,192.15175197924768
1.463596821886E12,36.691936013248466,225.30392161628453,0.9648318032328096,188.67547105648595
1.463596861886E12,36.035141730937134,226.27971767357286,-0.39207059934844324,191.37803459373393
1.463596901886E12,35.74726229787049,225.30199914217852,1.8118736713550125,188.434963645703
1.463596941886E12,37.34011974108968,225.9981743642506,-1.1583159087578587,192.06261732467567
1.463596981886E12,35.9170141395258,223.523470948715,0.1341838742348404,188.74129912435282
1.463597021886E12,36.32700645253867,225.56417415995296,4.296899785456847,189.90343362636332
1.463597061886E12,37.72750253148395,227.0578758829017,-2.1763444387898017,191.81666613507062
1.463597101926E12,42.08999559332501,227.35232510514203,-2.8232456931127157,191.43024958335837
1.463597141926E12,38.23794822459382,226.15025133570995,-1.3944025750142777,190.40495216290248
1.463597181926E12,38.631416727822184,225.2744388322985,-0.7319686674739496,188.85368595906755
1.463597221926E12,40.24937008099204,226.47426166467196,-2.294062004138244,191.70823356704486
1.463597261926E12,39.20090607589013,224.37582708742835,-0.6623757673790248,187.40936782575022
1.463597301926E12,37.913029941980284,224.45147034344294,-0.06404405307940371,189.04514957633955
1.463597341926E12,37.38877363685859,226.00524740628012,-2.5053184501854964,192.55094032957126
1.463597381971E12,37.75716005897442,223.51608896805396,0.3100422718930867,187.38381991516414
1.463597421926E12,36.50541402035197,224.1538141713635,-1.25021291197509,190.2344602750884
1.463597461926E12,36.678268800047654,225.27374695797224,-0.7138159964329877,189.07367911767258
1.463597501926E12,36.9400031060925,225.86137430950166,-1.3900648789556813,191.12891050559958
1.463597541926E12,36.049845176378426,224.50880398418272,-1.8197848195589061,188.84216055284332
1.463597581926E12,35.154160978794714,225.670236565409,-2.6946170250827763,191.0458704992344
1.463597620966E12,40.196718570653864,224.76310342152576,-0.07305013853878227,188.04759101851596
1.463597660966E12,34.4925338725338,224.04358129934204,-0.19255418922579579,187.34788877175603
1.463597700966E12,34.21747977552752,225.90626621009415,-0.752541223525787,190.50942449948255
1.463597740966E12,34.52440639565982,226.27844970009176,-3.031466801847445,192.60283434159086
1.463597780966E12,35.487310648931086,225.0694100709507,-0.4103379180903642,188.5366347208377
1.463597820966E12,35.14190076570591,225.5040209887778,-1.794482624414277,190.1062014256403
1.463597860967E12,36.03649594996774,226.61260005334506,-2.9180049798843686,192.6210561326512
1.463597900966E12,34.9657970310947,224.62675882692974,-1.3698263536410813,188.05989438711217
1.463597940966E12,35.34560156025751,225.67780795025314,-3.191584716042515,192.17028409631718
1.463597980966E12,35.96566672987792,224.2333908977413,-3.9081951043806256,190.1830910902524
1.463598020966E12,34.07271564734222,223.35411926743123,-2.3938235794561518,188.5641686032143
1.463598060966E12,36.77368578703103,225.29593664927424,-4.153932830113836,189.8205477253535
1.463598100966E12,34.888633899580064,222.59277516763575,-3.262271490518756,188.24745943218693
1.463598140966E12,34.094528452919334,225.39441491929205,-2.3070723690634214,189.0080118391868
1.463598181006E12,34.592859732929725,227.31504984572067,-3.794693737216235,190.00262275190053
1.463598221006E12,34.78054332063186,227.34948515874737,-3.8214404675075486,192.05154438681234
1.463598261006E12,35.73865691642441,224.8469784682971,-1.78281172020824,187.84810421451854
1.463598301006E12,35.71945253731884,226.2569925349191,-2.5847967062721735,191.4041493192621
1.463598341006E12,35.354881823596656,225.31759118447704,-1.9243190844733813,189.02653510334648
1.463598381006E12,36.18296982202274,225.4966497345916,-3.1111726593263347,190.62353750284285
1.463598421006E12,36.45937594836613,225.59549571566413,-3.7800489938874455,191.2920725127549
1.463598461006E12,37.093215068656974,224.40083942280089,-3.259132749315046,188.95806542238054
1.463598501006E12,35.37789793528484,223.32031411024772,-1.643395003277806,188.7331747787365
1.463598541006E12,35.04775993878786,224.40006875792008,-3.2336924005092915,191.84641227515868
1.463598581006E12,35.36945526978467,224.626081625272,-2.3073778854925733,188.64585911403358
1.463598621006E12,35.2604858592033,225.69359052456576,-4.370515637281794,191.2329896020881
1.463598661006E12,34.37990214669808,224.8780568072514,-2.543259244368705,189.85511632334436
1.463598701006E12,34.6942426324676,225.84743080581387,-3.4219423982805157,192.86710598902457
1.463598741046E12,34.16811752023438,225.482360060617,-2.87936148773195,189.9893261149696
1.463598781046E12,35.16539239176322,226.5870040090045,-4.40579602064301,192.0234648268247
1.463598821046E12,34.476285306428494,224.765182742177,-2.814047135917998,188.97620544782407
1.463598861046E12,34.55120486644241,225.39212240646629,-4.577746278159045,191.46538122641684
1.463598901047E12,40.75220366008062,223.2544360468199,2.1399545757335217,189.24902796697728
1.463598941047E12,43.38837753874538,223.99900289441092,3.4299389156006272,189.4315773681702
1.463598981047E12,44.83356145083503,225.5889372693953,3.028042652858794,192.3145492789532
1.463599021046E12,46.05283429297884,223.6007060212983,2.5828941253009914,189.8884320662427
1.463599061047E12,44.69929785382765,224.48778851949604,2.3987848183176115,189.67802773344016
1.463599101047E12,42.702881211271176,224.67497832155343,2.2093084355944126,191.288906636139
1.463599141047E12,43.043169633788565,224.8033370586795,2.4696067587299733,190.06949877627707
1.463599181046E12,43.72645201146823,225.5257219804446,1.184739909353949,191.69025772685256
1.463599221047E12,43.361569519486004,224.54543206352386,2.6440172565298616,189.63788179207796
1.463599261047E12,43.76219011423268,225.69094850089192,1.9675957080856825,191.3288361489507
1.463599301047E12,45.28676168763821,225.26967587198985,1.5039027008522023,189.9697588480061
1.463599341086E12,44.38291243533896,223.26722067720195,2.642139454410834,189.3155829344093
1.463599381086E12,43.619139468585665,225.02474196838614,0.4064259861407678,192.7938992899899
1.463599421086E12,44.21345624170875,224.81020344922638,1.8126126886569842,187.91875712925352
1.463599461086E12,43.382776663892926,225.2822108011463,2.702820171070863,188.87387080777393
1.463599501088E12,45.248690078980594,226.4574373650368,0.7410667657941972,190.52208687187536
1.463599541086E12,43.607191664837956,224.3105359589994,1.3944281579046747,188.715261464938
1.463599581086E12,42.44341245171286,225.97583305073394,1.0810228612403479,189.50651525284536
1.463599621086E12,42.88466231734633,225.6904341278551,-1.6409877649921487,192.0269253834511
1.463599661086E12,44.136748574314794,223.20918142078298,-0.8450121284116664,189.9659921145006
1.463599701086E12,43.383244902412855,225.25783405154283,-0.6994439379817944,191.20796967975838
1.463599741086E12,42.37512603989774,224.63783231640747,-0.4196675568819294,190.17463842025225
1.463599781086E12,43.23529402534337,224.5333999781564,0.2902056170183428,188.99552548951812
1.463599821086E12,42.718762288572414,224.49488556068115,0.3652230276244802,190.2944153065679
1.463599861086E12,44.58051617553979,225.35682041265216,-0.5181450798864052,190.34008424751863
1.463599901086E12,43.747743581818355,224.68948328661187,1.441929034375872,188.5258490286573
1.463599941126E12,43.09899475896247,224.6089799874185,0.9810903591025203,190.20633851250324
1.463599981126E12,43.92997161890668,226.18392067666431,1.01809511349411,191.20169226673124
1.463600021126E12,45.56685819687199,226.13748599889684,-0.7639498212909652,190.4949465423994
1.463600061126E12,43.603950131108284,223.65744683065085,1.1952645364449779,189.19826061983423
1.463600101126E12,44.29166369120012,224.98555590150875,1.7367250640422405,189.67209024731557
1.463600141126E12,40.9857341559401,226.50143647259395,-0.7023135124239169,191.84126344543853
1.463600181126E12,41.90960194101405,224.4878087516994,0.6760151773835922,189.03181506177683
1.463600221126E12,40.889074770551524,225.57001524163456,-0.5242248643204621,191.5658147165568
1.463600261126E12,43.832615726905324,225.1642895994232,1.5564157532443967,188.432339232766
1.463600301127E12,44.22470731360898,224.60282660615826,-0.07381572905856686,189.77436152004412
1.463600341126E12,43.671016297318296,225.36278017849358,1.1206224392447195,188.82158426757456
1.463600381126E12,44.03529733986934,225.9276777138784,0.8379469295330282,190.50660645794736
1.463600421126E12,44.81021539229388,225.2526563689778,0.9863598851105437,188.48203549993352
1.463600461126E12,44.513533879236384,224.65757106447026,1.501014338688213,189.37403816256204
1.463600501126E12,44.433971455679306,225.97124868768088,0.5276994776893819,190.9181637135256
1.463600541166E12,45.86500481982565,225.76788697307845,1.0398329139509743,188.97065413956076
1.463600581166E12,45.38834524254216,224.2213272864558,2.264494072522302,187.9284255255082
1.463600621166E12,44.98196605478348,225.86943150556937,0.7941168459800473,190.42270959201065
1.463600661166E12,45.68072701259505,225.94821610471553,1.1410908868266287,187.81924032984216
1.463600701166E12,43.06001929402464,226.97964250544868,0.2341283968549361,190.77641984413162
1.463600741166E12,45.09430376111558,225.68979746253015,0.4295872831206378,188.60773192153718
1.463600781166E12,43.81779058085177,226.36733848005915,-0.8278298446924192,189.8972283092293
1.463600821166E12,44.41892675750522,224.66643732211006,-1.3470172554579636,188.58968598469832
1.463600861166E12,42.03401420753157,225.73923318243598,-1.7174788513294472,190.18017542220764
1.463600901166E12,43.237673822412695,226.2860791591554,-2.2385423569889134,191.06902219171056
1.463600941166E12,44.16750516104423,224.14982920868894,-0.30303029334107473,188.17002133770302
1.463600981166E12,44.04591295338928,225.69474185380568,0.3033220576532121,189.28829602152504
1.463601021166E12,45.941969407082574,226.05644559677552,-0.57344249129529,189.42142527348497
1.463601061166E12,45.41863407893495,224.5054664768831,2.2314293815267456,188.24743107756842
1.463601101166E12,44.91778017367572,226.53794131118315,1.8248801563840487,189.58913701730953
1.463601141206E12,45.71931038224298,227.76802156551858,0.7870298587358417,192.42348837767207
1.463601181206E12,47.09096134462702,224.61145089035134,1.8381023509694239,188.29055073419374
1.463601221206E12,46.26789032900562,226.3544088105594,0.27557615453516,192.1128272571049
1.463601261206E12,47.19497405657918,224.6725569865152,1.9631041595430656,188.60914483750253
1.463601301206E12,46.84262772775389,226.07560556379502,1.9461722881446926,190.36597135866717
1.463601341206E12,47.390256932712695,226.955404022298,-0.19411748285007346,192.47218204159242
1.463601381206E12,48.76534359904133,225.6638073732688,0.2754626336269656,189.4837987120898
1.463601421206E12,48.39792094089944,225.08447229400107,-0.03389761940423371,188.60714767958478
1.463601461206E12,51.770929633509816,225.21889428921276,-1.0677985874987492,191.07704960215756
1.463601501206E12,43.489099983001495,224.25014377995467,-0.927193970998814,189.44530772752583
1.463601541206E12,48.07152656327921,226.37196728629743,-1.0629463975768572,191.05386701054863
1.463601581206E12,47.37144456387942,226.01306658761,-0.939560257105892,191.14821540320398
1.463601621206E12,49.01590003281911,225.9940549008216,-3.207150204717133,191.91202578712267
1.463601661206E12,48.315182186127295,224.43069072545148,-1.9141850759410717,189.1969427711142
1.463601701206E12,49.91118597936174,226.09956021074768,-1.9625761404032431,191.8523326877122
1.463601741246E12,48.902883278376464,225.46022058633204,-0.7629264756480845,188.44108528332256
1.463601781246E12,50.87498493169533,227.14613941226082,-2.9598244000334577,191.99722890462868
1.463601821246E12,50.54734053049617,222.991657519721,-0.9785553084368941,188.87637071018608
1.463601861246E12,48.707582897750775,223.6351034563026,-1.4543407623213893,188.64992489451376
1.463601901246E12,47.9937029116347,224.973719466143,-0.6447850634753481,189.50548170998312
1.463601941246E12,47.12827491841341,225.54048522534748,-1.7312684658609052,189.47397129573386
1.463601981246E12,45.95213064062184,225.6743240919302,-1.159378283277155,189.46331514178647
1.463602021246E12,46.863278667692605,225.68481199307055,-3.0408616525818846,191.95088262881845
1.463602061246E12,47.86286745164697,224.2342801363388,-2.77038494384662,189.05803739396268
1.463602101246E12,46.12472429019137,225.17232138054965,-4.171393555131758,191.29866498089189
1.463602141246E12,46.46636804243165,224.7019532896098,-2.147776452974837,189.88464862258144
1.463602181246E12,47.3081865550836,224.95077303976035,-3.069928782324395,190.53646666202317
1.463602221246E12,44.61276240792439,224.8691037153315,-2.7384586229465273,189.504168823854
1.463602261246E12,43.49177699444108,224.6664998634363,-2.803761841834387,189.7000661668939
1.463602301286E12,46.91739881743373,224.4273660563048,-1.3830138961227236,188.78812867807324
1.463602341286E12,46.44427426144224,226.24511063415062,-2.6427511749761186,191.09508006957734
1.463602381287E12,46.012691613358875,224.3937353925887,-1.3092444940260544,188.6951796322995
1.463602421286E12,51.32400585528572,225.06184584614385,-2.2471833584155365,190.7776710670345
1.463602461286E12,47.18386947691624,223.16829449782657,-1.2714506133554202,188.717746538332
1.463602501286E12,44.0350345204557,225.18584414930947,-0.8625300370456753,190.38233841935102
1.463602541286E12,47.212990861518726,226.5733886217401,-1.7771717459855632,193.56236814423366
1.463602581286E12,44.70410123698573,224.09364939246103,-1.4083597731782358,189.542305662585
1.463602621286E12,53.55737554112431,224.90133347183158,-2.0746644924957947,191.6750665078361
1.463602661286E12,46.82874015761665,223.54837139619917,-0.24016894090766294,188.35756159870624
1.463602701286E12,42.99790333723724,223.61524477304621,-1.796783114888369,190.35455549629518
1.463602741286E12,45.69256100595215,224.5427223633385,-1.9102961571652406,190.78524147565534
1.463602781286E12,46.30540005539054,224.26095253353856,-0.2710241804361446,188.30766205402202
1.463602821286E12,46.064967295583536,226.11220521051197,-2.9994329810574487,192.04815837671612
1.463602861326E12,45.38741629225618,223.8668227300405,-0.5973341034137787,188.6673178175344
1.463602901326E12,47.25533517168117,225.70880253235362,-1.9265093827131299,191.47542272510216
1.463602941326E12,46.33430521541742,225.1612036457921,-0.5489538152477587,189.35146180654294
1.463602981326E12,46.268729883754055,224.63218010788955,-0.8350627922660994,190.87783329782894
1.463603021327E12,47.433283361711915,224.976128473912,-0.9601001718578419,192.3053135058888
1.463603061326E12,42.2728329724603,223.076550788132,-2.0807150022058667,188.6526251053022
1.463603101326E12,45.545669425748585,224.33369762945102,-1.5394970613801966,189.97707905237675
1.463603141326E12,43.75391721710596,225.9689098255211,-2.2058268662371012,191.38593918869472
1.463603181326E12,46.60640768123913,227.6604000338356,-2.1999057746368598,192.80417611508256
1.463603221326E12,45.33586829729123,223.75979265193916,-2.461377175228113,188.65613290701646
1.463603261326E12,39.54653964703805,225.48497356307865,-3.0325062456056227,190.05809955441612
1.463603301326E12,43.78844360312308,226.45039213273213,-2.6968373950994327,191.72699077000902
1.463603341367E12,42.43322948356809,225.7108894615737,-1.731507799995177,188.79515598930791
1.463603381366E12,47.84218132352505,226.60692314971888,-2.050304290799469,192.0208917035665
1.463603421366E12,44.18241884523103,225.5751165554291,-0.19442738953451363,188.56209099033936
1.463603461366E12,41.929191851546015,226.37548201040596,-3.071597366961872,191.7856254526967
1.463603501366E12,44.88218040519624,224.44173962953315,-1.619027749161335,188.903713555731
1.463603541366E12,44.09292167616986,224.95024881751135,-1.444722741033501,190.31202816337924
1.463603581366E12,44.570725603014516,225.4356639153662,-2.316797574246712,190.73847319969533
1.463603621366E12,44.33192637892905,223.2241586182183,0.36215644816105996,187.96594145237145
1.463603661366E12,41.395125183318044,225.13844469606929,-0.7492158660908214,189.56291067131122
1.463603701366E12,43.92155283425529,225.97449430429032,-2.5039477502699774,192.5210280949571
1.463603741366E12,45.86210907275533,225.49453472192496,-1.484614541738116,191.12442387155386
1.463603781366E12,44.853973876479614,225.33607302957654,-1.1923835940897998,190.1279212214082
1.463603821366E12,46.133705967734706,227.2685030814953,-4.179538095651893,192.86889724978133
1.463603861366E12,43.91819431706859,225.49360828413518,-4.19005953575381,190.52918391642757
1.463603901406E12,44.832650771457935,225.7313135260492,-3.4671703420362627,191.29387625159518
1.463603941406E12,48.86707010273804,226.1829704798027,-5.0509236244101094,191.9354367773374
1.463603981406E12,48.03989282721177,222.57188831457754,-4.57627069564106,188.964995633799
1.463604021406E12,47.33710681266021,224.29792774392067,-3.6519407890741826,189.46699175856486
1.463604061406E12,47.99749025774971,225.83001074846288,-2.8156102131386094,190.99104736014118
1.463604101406E12,50.53936062051344,225.93646895662692,-3.0892650606924663,188.2606358970954
1.463604141406E12,48.07477817567877,224.32228629647565,-4.224525356280576,190.2269952348365
1.463604181406E12,49.830590048601294,225.45766874518222,-4.3003216407409415,191.34766352252186
1.463604221406E12,49.88035284066623,224.56099817375087,-4.217068990226944,190.89533723204116
1.463604261406E12,48.59322320356052,225.43707759240394,-3.950829304873124,191.27209298060288
1.463604301406E12,46.797871939608925,225.7511341803666,-3.980588133593293,191.9985036897701
1.463604341406E12,45.99756837326293,224.5778670125534,-4.235843016139298,191.0552151224321
1.463604381406E12,46.40323549730854,225.58982361250384,-2.5261619623722096,190.75188726219346
1.463604421406E12,46.62488008213045,225.577255354314,-5.951614759637586,192.60782928068045
1.463604461446E12,46.053446869937225,222.79003501599558,-2.7903938275491607,188.07522809619056
1.463604501446E12,45.04518593968146,225.45656226949205,-3.6786074965927407,192.09904436381697
1.463604541446E12,44.86329035518007,225.16028559158698,-1.938615502816829,189.5941768211127
1.463604581447E12,45.6291128430579,227.05971375352308,-2.838588802227242,192.74704785768813
1.463604621447E12,50.23754276307653,226.86952484057053,-5.118432955996415,192.6822978833655
1.463604661446E12,48.20774866930567,223.4935115275643,-2.1839511513513994,188.30143892040294
1.463604701446E12,47.06664930990922,223.93038892544538,-2.9904302928468156,190.0129919303293
1.463604741446E12,49.91949484130014,225.35871582241305,-5.469616607702242,191.26298290458888
1.463604781446E12,49.378994762193535,223.67960656783745,-2.9927827344266986,188.47655296970336
1.463604821446E12,47.53055997204266,225.30338240334237,-3.5839508034701035,190.84429396577917
1.463604861446E12,50.30640310098675,226.73252466392177,-4.719761769862127,192.1685032666405
1.463604901446E12,48.958468936723804,224.4731141962294,-3.8914379303810622,190.93016414458975
1.463604941486E12,49.687666541826786,224.8252662987781,-4.555423636105856,190.89559254039432
1.463604981486E12,49.40980805800472,224.20386082756934,-3.048820027356173,188.69481000741672
1.463605021486E12,49.196405231311545,225.32882139743913,-3.2487181459483696,191.35613729572566
1.463605061486E12,48.96444692297875,224.39287748756618,-2.772951868231758,188.59252938990244
1.463605101486E12,49.00930734239292,225.35976911307552,-3.594461780610249,192.26136790005367
1.463605141486E12,50.25927350688088,223.49634449525,-3.02346135622687,189.12158920821778
1.463605181486E12,48.815094784118386,224.0775525633098,-3.4096746636950734,191.40582668612268
1.463605221486E12,49.60527960206941,224.81142970749923,-3.0672102009957567,190.48244540018044
1.463605261486E12,51.25669639492978,224.5346549730242,-2.2533319474746536,189.13851848796082
1.463605301487E12,46.193046047139596,225.18039142303516,-2.976385129969683,190.66647602422574
1.463605341486E12,51.09187276076366,225.77553256013869,-4.612334972465549,191.85386175933687
1.463605381486E12,50.554131441174434,223.09910897381087,-2.1843097558866154,189.34904450153036
1.463605421486E12,49.37860316462457,225.0973455747727,-1.8105466641738428,189.76204207324142
1.463605461526E12,50.48242937320372,225.2355276378927,-2.796886384255688,193.19857560310697
1.463605501526E12,51.84030077621016,224.09105740665416,-1.7837892435094176,190.23361870595647
1.463605541526E12,50.71036946958327,225.082867277486,-1.763598494343188,190.10580956753304
1.463605581526E12,52.75971353277347,225.39726497801945,-2.224319838401552,190.2954671135967
1.463605621526E12,51.35275590080603,224.8712213026033,-2.5543482669929762,188.23206349209636
1.463605661526E12,51.55425562721991,226.04516581229257,-3.34256275690308,192.26706064683788
1.463605701526E12,52.21902659376168,225.81980686321592,-2.5393922687776413,189.96372654945986
1.463605741526E12,52.61561356020977,225.79844823562135,-3.3822443050391557,189.81447647619902
1.463605781526E12,51.52922302442825,223.9313900410719,-1.3680503338206504,188.67368924687543
1.463605821526E12,52.74096910987081,225.79829697504232,-3.153505709882478,192.37778671100216
1.463605861526E12,54.05637799157451,224.5235518767599,-2.2708439099105764,189.02812269074767
1.463605901526E12,52.31048693597589,223.75734094383506,-1.335149110101307,189.10989358399596
1.463605941526E12,51.69762354318453,226.15553810943211,-3.48611412374322,192.61270362196024
1.463605981566E12,51.52487729674896,223.79773619905347,-2.5666292530584522,189.4731664928061
1.463606021566E12,51.97865346593776,225.03779861752528,-2.415100639413508,190.2113153633066
1.463606061568E12,51.30070319029229,227.04333938158587,-3.0704991308475296,193.26221178332224
1.463606101566E12,53.553992320438894,224.91401563569477,-1.7770982442705319,189.58005903462836
1.463606141567E12,50.406184746960136,226.20768258979822,-2.8134417238491483,192.12742216715947
1.463606181566E12,52.54772914599962,228.31003839279848,-3.5989592080392763,194.18186718822227
1.463606221566E12,49.853451885416646,225.41633000367665,-2.902237382866002,190.18816526325602
1.463606261566E12,49.37371221230661,225.46123495245996,-2.9665304090316833,189.14018212855677
1.463606301566E12,49.74044228118671,225.97028280886292,-4.973492045188948,192.50629569299264
1.463606341566E12,48.44909211269984,224.58362763797527,-3.2678680186943097,189.241574777919
1.463606381566E12,49.83734721855387,225.52405999086716,-3.7073962870481236,192.10572147453237
1.463606421566E12,49.0573911888566,224.5977424167284,-1.4112129339359711,190.15141129879655
1.463606461566E12,49.94364540685833,225.46245407668113,-3.8261236241129954,192.14079927099863
1.463606501566E12,50.55266946204504,224.6458942558001,-2.021347299091512,189.66843741165536
1.463606541606E12,49.12782888254554,226.08078549025407,-2.56094565299943,191.6552697909528
1.463606581606E12,49.67217487127739,225.12377150178062,-3.1772474724235336,190.35191367815057
1.463606621606E12,49.31677261398963,226.14808545596782,-3.3565693197615487,190.51908192369382
1.463606661606E12,50.0504364819771,226.50323236029448,-3.771829811485348,191.68535810083833
1.463606701606E12,50.7634854867148,225.81217070977354,-3.2486408482069686,190.35493921749023
1.463606741606E12,50.772099286334736,226.49158481513302,-4.344535790860143,192.1061884639684
1.463606781606E12,51.414638399791556,224.45583263743637,-1.8888082700630666,186.8416877027351
1.463606821606E12,53.92070680139302,224.6428122650836,-2.7925968383971402,188.72839578433926
1.463606861606E12,51.493552072356614,225.84011469734068,-4.224162212755821,193.08842793462787
1.463606901606E12,50.48370543272828,224.84549993128044,-3.166620660777759,189.60183357387402
1.463606941606E12,50.27484066613763,225.41930145550242,-3.481571856526509,191.65740910725935
1.463606981606E12,48.5293675507611,224.02591402908115,-1.1840055102877967,188.6096011085094
1.463607021606E12,48.49276143203944,226.41668728150316,-1.4383374613024038,190.87442277993085
1.463607061646E12,50.42522884677285,226.12619046268892,-4.275796875002915,192.38229050131443
1.463607101646E12,49.02651757152566,224.14111688197244,-1.7333407582072857,189.78999644394614
1.463607141646E12,49.0661917430318,225.85134669103886,-1.4322397617678246,190.95672447050384
1.463607181646E12,50.751356959766156,227.1473552952536,-3.486786706785764,193.4666008878995
1.463607221646E12,49.678111306209644,224.39270299973853,-1.4165297421602574,189.677672531863
1.463607261646E12,46.10826077350768,225.34387533392186,1.5455172182974939,189.91538953059185
1.463607301646E12,45.412963057963815,225.77010039081281,4.156911926160558,189.77181894562878
1.463607341646E12,46.40125080835323,226.46022426364155,2.3567411427834077,191.33501273391764
1.463607381644E12,45.505329960196036,224.64821399663097,3.5773351461995873,189.96178323147132
1.463607421646E12,46.24006044195917,225.16945677326072,2.59224896319513,189.8119623374727
1.463607461646E12,45.39027265147704,224.62850779348886,2.4055683922594313,190.88393871132112
1.463607501646E12,46.77416320668642,225.79707463479022,1.5448162234421685,190.59972051888897
1.463607541646E12,45.44736875733827,224.06396727902253,2.619150996579975,189.93018832569547
1.463607581686E12,45.739733179049445,224.8605293151219,3.1108767827439743,191.34456987542987
1.463607621686E12,44.26872806944196,223.8914418301147,5.519298985557805,187.6161118036681
1.463607661686E12,43.704146873272364,225.20921548399008,1.68081331352775,190.7348448913135
1.463607701686E12,44.701967566896016,224.2072566747554,3.2855269687707893,189.22864754203712
1.463607741686E12,43.445204230570106,225.6337713100467,2.6026928120815778,192.33575313759684
1.463607781687E12,44.12392885953905,225.6716048358384,2.8860081804973916,190.50269783316244
1.463607821686E12,44.638370873410835,226.6379087350044,2.7297402271204696,191.92828832148703
1.463607861686E12,45.50586395673859,226.6757666666911,0.205010983893685,193.4283402702145
1.463607901686E12,45.54726776915186,223.4789095561945,2.0633718085580903,189.49243921999505
1.463607941686E12,40.91680976180744,224.52697035056397,1.1733711178274802,190.65336463374115
1.463607981686E12,43.28287122268308,225.18610710213648,1.394231303011022,190.6893792781931
1.463608021686E12,42.74106418919649,223.95518842866494,3.26883728896456,189.59840235956602
1.463608061686E12,38.65667322030767,225.05367310449103,0.7524205137277232,193.00820681891776
1.463608101686E12,41.44288130404336,225.98854808977876,3.9211340582538257,188.97666161420653
1.463608141686E12,41.85960851996702,227.33981609263876,1.6687223289422477,192.18854899573276
1.463608181726E12,42.49981108339686,224.7531843247367,2.4989529873049228,188.2910004202097
1.463608221726E12,41.31936189232035,224.36168919809057,3.230873181087074,188.9014625624904
1.463608261726E12,43.853123637110485,226.7657847320108,1.7651145725487944,191.3884210117555
1.463608301726E12,40.90136713729857,224.51158486539723,3.8354284138600327,188.21544387247098
1.463608341726E12,42.09209986734535,226.1824334726143,3.2875459973481864,192.00273617213952
1.463608381726E12,42.12726046164135,226.04954478923688,3.1946858676407315,189.62541814490064
1.463608421726E12,41.38865652157752,225.6554006890862,3.491592912436045,190.0038431449211
1.463608461726E12,42.41740273675101,227.0282645511636,2.680812461025091,192.92219273790255
1.463608501726E12,42.27630694736035,224.66099105450948,3.3368056984569026,188.24154023300173
1.463608541726E12,39.60996783670948,225.49340324157941,3.273627522702368,189.85453867120256
1.463608581726E12,41.97584665543298,226.46597608106813,1.2635431615927537,192.0513683435413
1.463608621726E12,43.4522459590012,224.68711555502404,4.629948368275413,188.7848812686273
1.463608661726E12,43.43856473623733,226.412897507608,3.4801878931271677,191.4457172329475
1.463608701766E12,43.71246466728289,223.50883433703393,2.4218840459249336,187.9051048349387
1.463608741766E12,42.22429365962493,224.40377666679365,3.5745140991640074,189.87870083742266
1.463608781768E12,43.88390242942621,224.690729467678,3.962798114184456,190.37472884988352
1.463608821766E12,44.00053871970971,225.06254794081272,3.1162826124755933,191.0998934343839
1.463608861766E12,43.195300335388104,225.4046707977998,3.5948986368467133,189.60993184908267
1.463608901766E12,43.613875378025575,225.5399470028442,3.3527278172958663,190.79024902169405
1.463608941766E12,44.013327436646705,225.61531504263976,5.43876595770647,189.54259136137813
1.463608981766E12,44.645061255979755,226.48521906256698,2.183030630470638,192.03236568815
1.463609021767E12,41.84663404126492,223.41884440738696,4.323284015577793,187.46848209878314
1.463609061766E12,44.44676907183138,224.79749654692674,4.705592207954647,189.49402056546606
1.463609101767E12,46.13412526234685,225.68104062404078,3.6958526799253755,191.54760524610904
1.463609141767E12,42.506285316607546,223.57359298368524,2.9348608810112906,189.60766803235853
1.463609181766E12,42.67557648125625,226.38906352413835,2.4571149028644674,191.85381399678744
1.463609221766E12,41.65584675246488,225.79083069251,1.150746058807853,191.09340733193002
1.463609261806E12,41.58651337853415,224.48025761810797,3.130749817914591,190.21437734047643
1.463609301806E12,42.787337219663165,225.0824503597097,3.3855275632494126,189.436997190238
1.463609341806E12,43.80645267360656,225.36806729312582,0.813824493727245,191.39540914181578
1.463609381806E12,41.59687080016035,225.39373908549888,0.30977905001811323,190.22215365579333
1.463609421806E12,40.665862740643824,224.03043877580387,2.8000190165473327,188.8910875415856
1.463609461806E12,42.45740170994089,226.10059099317792,2.591350620051299,191.80121140015945
1.463609501806E12,43.66939757861771,227.10007676230606,2.24503077112418,192.64523958783133
1.463609541806E12,40.10012864257659,224.04881055486925,2.8652282876537942,188.37672130078263
1.463609581806E12,43.74841717485063,225.77816695037063,2.571918000975105,192.3685217869582
1.463609621806E12,42.02049616386487,223.7705114595298,3.1885855018794853,188.78131278925622
1.463609661806E12,42.950092342221645,224.58656723337083,3.916992420473751,188.0200725209869
1.463609701806E12,43.13877777805056,226.88280454116656,1.9346512821682067,191.96403984519634
1.463609741806E12,43.68202195601727,225.03503915562504,2.3828475198888586,191.11590140027377
1.463609781806E12,42.44195004486542,224.62401761476627,3.1919802304680163,188.48754521784127
1.463609821844E12,42.41693613064755,225.29642488424778,2.2307408133810287,191.18265396931037
1.463609861846E12,41.58562406674656,226.17156191835767,-0.49290888613950723,191.82991147524004
1.463609901846E12,49.30898598468329,222.94072789088528,3.0787990282096587,189.13323096978408
1.463609941846E12,40.70606735695986,225.18433303196727,3.288375415812691,190.5293349831099
1.463609981846E12,37.6963467649886,226.40216473062318,0.9851669488958625,191.61286647406777
1.463610021846E12,39.540933936594456,224.94605078099258,2.802289646035826,189.64050735287717
1.463610061846E12,39.65489652870145,226.8665980365556,2.2187247212713674,192.67646824091852
1.463610101846E12,39.18643217096938,225.86353430345898,3.554929624809462,188.99923399239
1.463610141846E12,39.27159815294242,226.79970814281387,0.46256674498997635,191.75117627968152
1.463610181846E12,41.5206057751149,225.44168107494738,2.470781132397879,189.2637611546761
1.463610221846E12,44.66046594974947,225.376182535988,2.8799026166768615,192.56845385790618
1.463610261846E12,38.248423132846746,223.6948171239219,2.5342885334752174,188.24717110178568
1.463610301886E12,37.29447645628669,223.8459386400647,1.2892498084345758,190.97363815688456
1.463610341886E12,37.02628597883293,224.0108179230551,2.463834929855605,189.4764083089027
1.463610381886E12,36.375127507417346,225.70608676255068,3.1671970040762107,190.76513185214765
1.463610421886E12,38.06966396811359,226.42924706825454,2.4955378343124384,191.29580431180955
1.463610461886E12,36.81466276398753,226.394003289021,0.19631817877848615,192.77001128827007
1.463610501886E12,37.77550534228661,224.5450423480716,2.5518674399456467,190.22772703408864
1.463610541886E12,46.410266832743424,224.8047507675396,2.165773548936832,191.8197586861301
1.463610581886E12,39.73968451296996,223.98612938141721,3.9146891045452548,188.16259148013512
1.463610621886E12,33.710926227747066,224.7112090583592,2.091852800863096,191.96020068090175
1.463610661886E12,38.62563578600167,224.97249345417043,3.764161440673001,190.00425503071128
1.463610701886E12,37.630745026203016,225.72192465660848,2.0216605279970814,192.7290473211791
1.463610741886E12,42.4880546547955,224.33695168035052,3.4314711424617967,189.65550380499852
1.463610781886E12,38.975952406790775,225.52471944957472,2.7147609532885175,190.37315198183902
1.463610821926E12,34.65622883286393,225.25904963807702,5.327654755532276,188.80262714122657
1.463610861926E12,38.02903192372948,226.66986824257452,0.05983422578486039,190.84619244407833
1.463610901926E12,36.39749600996455,224.51854970655322,2.6212198604463905,190.11236195106034
1.463610941926E12,37.00165791925453,225.84478020763171,0.9919893845245082,192.26384543542144
1.463610981926E12,36.80261132936995,223.765496492255,3.0354844687718376,188.7076492343552
1.463611021926E12,36.24831347267974,224.94603711687844,0.9146931548831123,191.2504189992213
1.463611061926E12,32.42341364826188,224.00374974621124,2.7165861741118547,189.43567904279266
1.463611101926E12,36.55543154199847,226.47460995288563,2.1187449324637955,191.6893141606208
1.463611141926E12,36.888381236245145,226.75579653920224,2.4610371484071663,189.92842087237736
1.463611181926E12,37.024712315444724,226.1171218487329,1.9421784117221657,189.91600813157226
1.463611221926E12,36.60501180588973,225.4297169093932,1.9015983034075261,190.28983847417717
1.463611261926E12,37.70048514998275,226.4686400080053,-0.01817280241847715,192.13177901174214
1.463611301926E12,37.2680978015059,223.64089914167238,1.61716924984987,188.46322468743372
1.463611341926E12,36.05210789091553,224.27879934876088,2.4594741135177856,189.78282046917758
1.463611380966E12,36.878555817333435,225.45199355921906,0.5126119348272816,192.24467378872893
1.463611420967E12,36.367887499482414,225.27874096221618,2.6986152775934458,191.1752465543694
1.463611460966E12,37.35170354951323,226.5894752272972,1.1266581596996663,192.26612548190295
1.463611500966E12,35.050855152736354,225.22594330886454,2.329705963800784,190.32796376603582
1.463611540966E12,37.8782405510785,225.85339579744092,1.4565386552233084,190.6047921363015
1.463611580966E12,36.89978072578925,223.54235278908453,2.442797640228471,189.26801066828781
1.463611620966E12,37.0085732113811,225.31398814140763,1.0029369662360188,191.67590704427863
1.463611660966E12,36.81421280044537,223.98598227695697,2.395593149889695,188.46916838477108
1.463611700966E12,35.829680855738644,224.99135939493655,2.1444617359965794,189.0832205033727
1.463611740966E12,36.623300955857125,226.67526795883091,-0.40075026530917673,192.22930447115206
1.463611780966E12,37.0099713822289,225.099895910699,1.7837817321853495,190.09461660112456
1.463611820966E12,35.331869889637126,226.4053388992595,2.9253084506821705,189.82107346768697
1.463611860966E12,36.35589648340411,227.71205849902253,1.0638902378912563,194.66917517783463
1.463611901006E12,36.4068628233691,226.0677578323355,1.7896674029221709,189.19557053935722
1.463611941006E12,36.27632452782095,225.18020575733,3.0524228282805312,189.220150172232
1.463611981006E12,36.10507291801454,225.91985664307995,1.685948137983529,191.18342339264885
1.463612021006E12,37.3006964517272,226.1065052532458,1.4395074968661354,191.56038717179683
1.463612061006E12,37.162463298811886,226.22136857975866,2.6541154419246356,191.8103074023942
1.463612101006E12,37.460805519817626,227.05928019871996,0.4671193868550909,193.08882360667516
1.463612141006E12,37.109261157683434,226.11238559303575,1.5666448701617484,190.8133024599792
1.463612181004E12,38.48849223853919,226.3902844407069,0.2543793497911464,191.91279330265297
1.463612221006E12,37.08723597633741,223.78521065599776,1.4971357568884975,188.13178496174552
1.463612261006E12,37.062042585835684,225.34786777321855,0.38411969420047587,190.92223883997372
1.463612301006E12,37.38187956959817,226.6034385067854,0.5059786859377232,192.0320785537478
1.463612341006E12,43.84714126237167,225.78645547915838,0.8725838954388216,190.35146464424759
1.463612381006E12,41.80683135029617,223.78591151386453,3.060949827830581,189.17283862372815
1.463612421006E12,42.26562043832439,225.3180023273542,2.0695796998151574,190.5102005113879
1.463612461047E12,41.93014879944953,225.85251969216034,-0.2903781077289227,192.24816116172312
1.463612501047E12,41.65504594727494,224.66532463267865,2.934963184531245,188.89135785716513
1.463612541046E12,42.60099755728046,226.62118980574758,-0.038202012292885584,191.89116293080738
1.463612581046E12,42.57337068248767,223.34965877490245,2.189584030612925,188.52517355700547
1.463612621046E12,41.983094760713165,224.7010196013575,3.103351461356898,190.12787999575113
1.463612661047E12,43.27600697607665,225.6305973283453,1.0547545313629836,190.77490752813893
1.463612701046E12,42.25328784058684,223.57917250937822,2.4895864488031494,188.2257498226892
1.463612741046E12,41.558898588237135,225.0449364786445,2.680673762957764,189.8695192011581
1.463612781046E12,42.93784122335175,226.15601629815302,0.681694820468178,193.67138702407118
1.463612821047E12,43.114222315694924,224.53063569041873,2.3465686868803934,189.58194022055204
1.463612861046E12,42.241776084978625,226.2687969062457,3.6703020001308806,190.55164942486337
1.463612901046E12,42.0512519227345,227.79496276805907,2.582487729756717,193.33150045381794
1.463612941046E12,43.76818218863679,227.4222463939303,0.2633179318795639,192.58158305436953
1.463612981046E12,43.70610114137641,224.03782408095347,1.867394830954083,190.33244033527433
1.463613021086E12,42.73583684281242,225.08060896982,2.0105694799220273,190.17518104623943
1.463613061086E12,43.20032085545711,225.18546590356004,2.2902626743321144,190.16696623748598
1.463613101086E12,43.1080085488117,225.30539315086727,0.12104851684183247,192.42730725066983
1.463613141086E12,43.45994559990673,225.32329976913,1.4054210303258683,190.53380195923722
1.463613181086E12,43.474496567054565,225.1367702899902,1.8610627986117114,190.8582602890776
1.463613221086E12,43.24726305262664,225.9241574246498,3.184575977463092,188.86089527739037
1.463613261086E12,42.677301105166755,226.19054292480655,1.8293150307869188,191.67107350267256
1.463613301086E12,43.62999596098999,226.0048373780059,1.2733714288348452,189.97697691465385
1.463613341086E12,42.41968848884115,224.59877945079333,1.6344357680410366,189.85567943933205
1.463613381086E12,41.887784862332204,225.82914124596695,0.8026550012798964,190.21528323767345
1.463613421086E12,43.558633451235885,226.95833633008348,-1.4622364837859736,190.84599841020952
1.463613461086E12,41.78542625232671,223.5453539352518,0.7907193973842013,188.1587640431049
1.463613501086E12,41.648818335457065,225.69985487331874,-0.10837541235374631,192.66780310595644
1.463613541126E12,41.22497525340406,224.4855263183126,3.0801657038963506,188.36014686122414
1.463613581126E12,41.776887532219384,225.33519957769758,0.27761610395570074,191.76746874577404
1.463613621126E12,42.09719586151392,225.01154466478465,0.5587714410234244,189.60982186824558
1.463613661126E12,41.129107366980016,226.3486289072085,0.6144834422775687,192.13420042192408
1.463613701126E12,41.695962926746,226.14208469456318,0.3205116351071015,191.62856010807027
1.463613741126E12,41.64074563653555,225.2455296646183,0.7298000294166151,189.78962887030946
1.463613781126E12,42.51489159136252,226.3791218816122,-0.7605711100163416,191.63131160353797
1.463613821126E12,43.10641762634346,224.33033703470053,1.0787267066467878,188.8077657590443
1.463613861126E12,42.84560351120499,225.06207403688614,1.084014401792153,191.49518315675098
1.463613901126E12,43.46027882694073,225.45380666090946,0.014540219476328557,189.93886667736484
1.463613941126E12,42.84820805110721,224.3448732966849,1.778071427554585,189.49378933005434
1.463613981126E12,42.69481752296758,225.8496057343031,-0.6047519284048869,192.14731898881706
1.463614021126E12,43.17580175454181,225.6734885636921,1.3879922879023747,190.21524932024857
1.463614061126E12,44.348733704568794,226.23700343494644,0.9862417708181492,190.99597993351375
1.463614101166E12,43.56803847375386,224.2475009174623,1.6083207237050465,188.2389857464862
1.463614141166E12,43.106747262408156,225.8554678516499,1.144170625853769,191.103724603758
1.463614181168E12,44.14735817515982,226.57323718173734,-0.29564892906601753,192.60213236455368
1.463614221166E12,43.318065020211044,224.51832843126658,1.1381207252994463,191.04641929251756
1.463614261166E12,44.26479159482302,225.10110041279592,0.17140127026640314,189.601152540052
1.463614301166E12,43.51768591408267,224.48193040513212,0.41234447577924294,190.9284699851104
1.463614341166E12,44.347055926798944,223.43717743605262,0.7025713421271748,189.13797017559034
1.463614381166E12,45.08888500542806,224.5670988492213,-0.28210560493743253,191.39747382279108
1.463614421166E12,45.087925125716126,223.14037055467395,1.3660376604146018,189.0351641129424
1.463614461166E12,43.885680846555644,224.24281282763178,0.016975947960212782,191.39228619988575
1.463614501166E12,49.75929235148554,223.4318995605532,0.7478266199304104,189.08881646043108
1.463614541166E12,40.966010196685104,223.9721683745702,0.6284788524077153,190.3229835515072
1.463614581166E12,44.58530750933858,225.18590658954685,1.79873711214561,190.79793050995832
1.463614621166E12,44.32629442798241,226.03389427162546,-0.6719841742656355,192.6899868402839
1.463614661206E12,44.50688773255946,223.5528460858258,1.1603750127350074,189.0710994272908
1.463614701207E12,44.80368839102304,225.65873564192998,0.08288405326701696,192.33770193101242
1.463614741206E12,44.76320201236309,223.47680722252767,1.2225998526319652,188.21751883089314
1.463614781206E12,45.24341922532369,224.37968242004504,0.3353047321074228,190.67542120171905
1.463614821206E12,45.40007602125442,224.95221652948757,0.7765877418961564,190.0090010139699
1.463614861206E12,44.437651739454914,224.41051719602257,1.7939507694639936,189.94287182601
1.463614901206E12,45.493051021638216,225.50784361465512,0.07696998295291986,192.4928621567778
1.463614941206E12,44.90268325200809,223.32540191421617,1.0412518514763076,189.1512046544795
1.463614981206E12,44.95433319720988,225.48587702389776,-0.8460674300919345,191.54815113929016
1.463615021206E12,44.41061487626021,223.55294886457972,0.35070255432306147,187.65664413139632
1.463615061206E12,43.55986228730281,224.55408823340127,1.643591841027097,189.63757681617844
1.463615101206E12,45.21510050281394,224.82239216931197,-0.679139614379271,191.1523164111737
1.463615141206E12,44.03037344833552,223.6756254854998,1.4910496380486586,189.03144076274387
1.463615181246E12,43.654973508761344,224.16993082671053,1.568017572603169,189.98796235841758
1.463615221246E12,43.53875528392459,225.53259495394784,1.5937371887213163,190.47637227749658
1.463615261246E12,45.566437200842444,225.0604662619939,1.7398142738108475,189.93028330884027
1.463615301246E12,43.980793077455765,223.96520059811365,3.526127826729458,189.84375877078082
1.463615341246E12,42.933065015679475,225.20696546862337,3.291842345680963,191.52734232767952
1.463615381246E12,44.105360337096606,225.5239110675,4.183806640104825,189.7615942540301
1.463615421246E12,44.019118879095394,225.83087609624354,1.1751915138703277,192.14767986585343
1.463615461246E12,43.55701568853958,224.6804211025308,3.9878421669825097,189.57325964528843
1.463615501246E12,44.16097614871811,224.83560240788034,1.6403379324685294,192.30058558390337
1.463615541246E12,43.072130687718925,223.8976707291454,3.063057515560046,188.99891440416658
1.463615581246E12,43.61592663477526,225.5741741088595,1.5780658105738452,191.60825268468696
1.463615621246E12,43.01883277754787,224.73044963544245,2.7265827061151358,190.8994658341831
1.463615661246E12,43.328338458375015,225.53554778826117,1.5519684730140153,192.22534163879703
1.463615701286E12,43.36980180412361,223.28779513660288,2.579345597953909,189.37313025290268
1.463615741286E12,42.87610174565515,224.16875050878502,3.237037063663992,190.29971868409888
1.463615781286E12,43.060493231856185,224.98501656666815,1.5534654628063242,193.2367697455891
1.463615821286E12,44.15721682613085,223.85685755321308,2.2473654599977646,189.34309760216965
