Timestamp,B1_H_L,B1_H_R,B1_V_L,B1_V_R,B2_H_L,B2_H_R,B2_V_L,B2_V_R
1463588621,-45.5315,16.6295,24.1175,32.0815,67.1998,46.2653,39.6895,5.91016
1463588661,-45.4887,16.4554,25.2059,32.0868,67.946,47.4149,40.1,4.25679
1463588701,-45.0824,16.4139,24.7775,31.4859,68.153,46.7388,39.882,5.83228
1463588741,-45.7543,15.8656,23.8265,32.3404,68.4465,46.0067,40.2963,4.93926
1463588781,-44.7249,16.7457,24.9393,31.8802,69.951,48.3805,39.0045,5.12138
1463588821,-45.5446,16.7089,24.4657,31.9497,68.5935,46.4717,39.8837,5.896
1463588861,-45.1599,16.983,26.2261,31.7391,68.5735,46.6003,39.9402,4.61089
1463588901,-44.3057,17.2751,25.7602,31.7783,68.435,46.9683,39.2831,6.1217
1463588941,-44.5859,16.9273,24.3509,30.8553,68.9165,46.0367,40.2387,5.75482
1463588981,-44.9193,17.0888,24.025,31.873,68.0088,46.8434,39.991,5.72256
1463589021,-45.0843,15.8537,24.7589,31.7514,68.4719,46.6441,39.3631,5.40678
1463589061,-46.5153,16.3864,21.9831,30.9934,68.3157,47.1352,40.2209,6.46597
1463589101,-45.9397,16.6377,24.6123,31.6407,67.6066,47.3092,39.7335,4.39565
1463589141,-45.3985,16.7217,23.5569,31.2068,67.4273,46.7705,39.801,5.58714
1463589181,-45.3187,16.7763,22.7126,31.1474,67.4917,46.5138,39.2102,4.97732
1463589221,-44.2951,17.4987,24.0071,31.1511,67.6201,46.8009,38.9494,3.91552
1463589261,-41.6214,19.5257,22.3546,30.4669,66.5189,44.8802,39.3587,5.62601
1463589301,-46.0475,15.3089,21.5717,28.5829,65.6602,44.153,39.3093,3.68337
1463589341,-44.7225,16.0216,21.4946,28.2696,65.4766,44.7681,38.1718,3.35025
1463589381,-45.0951,16.1763,20.7998,28.7099,65.0425,44.1626,38.0617,4.58396
1463589421,-45.2059,16.7058,21.1441,28.547,65.3908,44.1189,38.4833,5.00456
1463589461,-43.8483,17.405,21.3833,28.5809,64.4704,43.4018,38.7804,4.48908
1463589501,-45.5153,16.9807,21.885,28.5661,64.549,43.352,39.3016,5.23726
1463589541,-45.618,16.4736,22.7908,29.6887,64.6691,43.5915,39.7922,4.24396
1463589581,-45.2849,15.9402,20.8728,29.4206,64.5952,43.3408,38.6864,6.22998
1463589621,-46.888,15.8292,21.1933,28.762,65.0836,43.4937,38.9975,4.48888
1463589661,-47.2082,15.6343,22.0077,30.228,65.4112,44.7137,39.7278,4.03576
1463589701,-47.3957,15.6528,22.3817,29.7461,65.3007,43.1843,39.0122,6.39238
1463589741,-47.6022,16.2264,21.7746,29.572,65.3695,44.7351,39.6768,4.83266
1463589781,-45.7927,16.433,23.2703,29.6382,65.263,43.1016,39.8312,6.83049
1463589821,-44.9799,17.191,23.319,29.0435,65.6406,43.0092,40.0109,6.66406
1463589861,-46.7579,16.4666,22.2263,29.6812,65.75,44.3029,40.3679,5.03039
1463589901,-45.593,16.6798,23.0165,28.8591,65.6688,43.0548,40.4288,5.35429
1463589941,-45.4139,16.7225,23.1217,28.9568,66.3978,44.4364,40.4205,4.61806
1463589981,-45.902,17.0793,22.4364,30.0172,66.5325,44.8772,40.274,6.71028
1463590021,-45.2447,16.8611,24.62,30.6125,66.0149,43.5286,39.816,5.38589
1463590061,-44.6966,17.5211,21.9271,29.7891,65.9291,43.8653,40.6004,7.1711
1463590101,-45.9521,17.5163,23.1383,30.6041,65.6273,44.0105,40.1969,6.15183
1463590141,-45.3185,16.4212,24.5087,30.615,66.025,44.7193,40.6114,6.89904
1463590181,-45.7141,16.5991,24.4623,30.9807,66.2797,43.4854,40.8598,7.3824
1463590221,-45.7739,15.9895,24.4884,30.3761,65.8409,42.9497,40.2997,5.64009
1463590261,-45.2622,17.1824,24.3072,30.2359,65.817,45.336,40.8986,4.9944
1463590301,-45.82,17.2638,23.1948,30.8048,65.3431,44.1248,40.3917,7.13546
1463590341,-44.9166,17.6137,24.4223,30.8238,66.0883,43.9407,39.6512,4.10988
1463590381,-44.3756,17.2096,24.937,30.5122,65.8222,43.3467,40.7356,7.05199
1463590421,-46.3031,16.6963,24.0945,30.4238,64.7724,41.697,40.9689,7.44662
1463590461,-45.6663,17.0004,25.8496,31.1648,65.5396,41.4275,40.7579,7.17844
1463590501,-44.6544,18.1498,25.9827,30.2333,64.9935,41.8138,40.2509,6.75784
1463590541,-47.7236,16.0244,23.2971,27.5605,63.298,39.5039,39.699,5.95309
1463590581,-47.7126,15.7339,24.4178,29.4155,63.4462,41.8014,40.0752,3.26434
1463590621,-46.6411,16.0481,24.1147,28.6931,62.8395,40.1739,40.0864,5.66496
1463590661,-48.4272,15.4028,23.1156,30.3369,68.869,46.0053,41.3435,7.35136
1463590701,-47.8689,14.378,24.2716,29.6807,62.5983,39.4775,39.88,5.54612
1463590741,-47.658,14.7775,21.0646,25.756,62.7903,40.7693,41.2039,6.46095
1463590781,-50.2365,12.5885,25.5481,31.3673,64.2315,40.6701,39.3531,6.13517
1463590821,-50.0921,13.9204,27.3383,31.3795,64.4688,41.6035,40.1315,3.70073
1463590861,-49.6703,13.4292,26.5342,31.7715,63.6906,41.7798,39.3293,5.7434
1463590901,-49.3482,14.006,25.05,30.975,64.089,41.9884,41.1396,4.52712
1463590941,-49.9921,13.6191,25.752,30.3275,63.4595,40.7973,40.6019,6.79049
1463590981,-49.391,13.8988,25.7177,30.3597,62.7145,40.0036,41.686,7.14528
1463591021,-49.3801,13.4725,25.6009,30.7886,62.6448,41.5126,41.744,6.58249
1463591061,-49.1137,14.5264,26.0362,29.0776,62.3445,40.0925,41.9868,7.95244
1463591101,-48.6492,14.5456,23.7019,28.7294,62.4699,39.9907,41.0604,8.21821
1463591141,-48.3315,14.8411,23.8741,28.582,62.5976,40.8067,41.9713,6.346
1463591181,-49.1645,14.7628,24.1299,29.7137,61.7907,40.4206,40.3442,5.71933
1463591221,-48.0736,14.7823,24.7011,31.4155,61.9816,39.2269,41.3136,6.91935
1463591261,-48.6477,14.0573,23.7271,31.007,61.7792,39.4519,41.1461,5.45882
1463591301,-49.2885,14.7424,25.2771,30.2027,61.504,38.7875,41.0597,6.50841
1463591341,-48.6492,15.5054,25.6839,30.7288,61.8696,39.3896,40.353,6.11553
1463591381,-47.8576,15.8197,24.2813,30.4566,61.1838,38.4165,40.8789,6.51529
1463591421,-48.829,15.4694,25.8058,30.3129,61.5471,39.2788,41.2658,6.23594
1463591461,-48.3346,14.2783,25.3711,30.7324,65.1523,43.3932,41.8207,8.42539
1463591501,-48.2891,14.8661,23.9568,31.1594,61.7664,38.59,42.2286,7.017
1463591541,-48.7989,16.1134,25.9076,31.5653,61.5311,38.7651,41.8922,8.26882
1463591581,-48.5521,15.7263,24.9776,30.1551,61.0048,38.2704,41.2272,6.76955
1463591621,-47.3751,16.0444,26.1129,29.7259,62.0256,37.4423,40.9967,7.32459
1463591662,-47.0171,16.0977,26.7106,30.133,60.7472,38.3739,41.5313,6.77026
1463591702,-48.4193,15.702,25.4972,30.1547,59.6097,36.2845,41.0618,7.05728
1463591742,-47.9349,15.5885,25.795,31.3973,60.6998,37.4265,40.5614,7.88035
1463591782,-47.9097,14.4099,26.1581,31.9303,64.2428,41.5842,39.995,6.32206
1463591822,-49.0416,14.8182,25.5326,31.247,60.9784,37.9597,41.1572,7.23216
1463591862,-48.187,15.8733,25.0365,30.3072,58.1279,35.1512,39.4745,4.28209
1463591902,-48.3618,15.9314,24.2777,30.1507,60.7253,37.972,40.6491,6.84437
1463591942,-48.2634,16.0312,24.0433,29.1583,60.7004,36.779,40.719,6.74633
1463591982,-49.7984,13.417,27.089,31.4159,66.7751,45.4338,41.0614,6.97754
1463592022,-50.7331,12.8116,23.3958,28.2185,61.6334,38.5224,41.3616,8.21609
1463592062,-50.981,13.3488,23.1559,28.24,58.9651,34.05,40.8772,7.58285
1463592102,-51.0661,12.8018,24.3645,29.4874,62.5585,39.0508,40.8392,6.95841
1463592142,-49.6018,13.0859,24.303,29.4698,61.6732,37.8738,41.0354,6.74312
1463592182,-51.1558,12.5958,24.0702,28.8297,62.5807,38.2982,41.7506,7.96992
1463592222,-51.5513,12.1597,24.4771,28.2891,62.8291,39.1357,40.2985,8.15102
1463592262,-49.8084,13.9138,22.8136,28.5863,58.5494,33.8316,40.2512,7.06
1463592302,-52.7126,10.7778,23.1486,26.7313,59.2581,35.1542,39.9625,5.39688
1463592342,-52.386,10.3684,22.6255,26.7555,59.3503,35.6271,39.0539,6.25883
1463592382,-52.0671,10.4897,21.0806,27.3066,59.8345,35.703,40.2787,6.40938
1463592422,-52.562,11.1469,23.0605,27.0096,59.6496,36.5008,40.1535,5.07499
1463592462,-52.4607,10.6405,22.6511,28.2746,63.1572,40.4037,40.4371,7.63913
1463592502,-52.5391,10.7714,21.5557,27.5756,59.2203,34.9176,39.4308,7.26692
1463592542,-52.1039,11.616,23.6738,26.8307,60.265,37.886,40.1672,5.04407
1463592582,-51.1368,12.3485,22.6444,26.3924,59.2114,35.3721,40.0256,7.21331
1463592622,-52.9277,10.8352,23.2305,27.3549,60.2836,36.9243,40.5353,6.07222
1463592662,-52.5339,10.5826,23.6455,28.5283,60.2267,37.8077,40.9949,7.4182
1463592702,-53.0781,10.5539,23.5168,27.8206,60.1635,36.785,41.671,8.55233
1463592742,-52.2561,11.5285,24.6597,27.5754,57.4667,33.6281,40.1486,6.2018
1463592782,-52.954,10.2379,24.5122,28.4051,63.6555,39.567,41.9856,9.1022
1463592822,-54.4918,10.2015,22.5918,28.2606,60.0278,35.6405,40.8197,9.24134
1463592862,-53.561,10.6815,25.5503,28.5023,60.1931,37.0791,41.4852,8.44307
1463592902,-52.1763,10.5648,24.12,28.7263,60.5097,36.3458,41.4686,9.01184
1463592942,-52.4246,11.4385,23.3677,27.696,57.0001,32.0742,40.7283,5.72336
1463592982,-53.7257,10.0812,24.2345,29.6679,64.1653,40.4857,41.6878,9.08442
1463593022,-52.5319,11.5809,24.6449,28.8637,61.4672,36.3004,42.3141,8.87323
1463593062,-52.882,12.0869,23.3556,29.0553,58.7329,32.8434,40.8444,6.10076
1463593102,-52.8066,11.7632,25.2898,28.837,60.6452,36.9254,41.0967,8.36937
1463593142,-52.3283,12.3776,25.161,28.3886,61.1863,35.7839,41.7085,7.62195
1463593182,-52.1352,12.7189,23.6052,29.2213,61.3454,37.2044,41.5914,7.73415
1463593222,-52.739,12.6811,26.1041,29.0231,61.8777,36.5904,42.4384,9.08347
1463593262,-51.671,12.9227,25.1042,30.776,61.4868,35.9805,43.4849,9.03016
1463593302,-50.641,13.5263,25.0554,29.6392,59.3664,33.8327,42.401,8.19223
1463593342,-51.053,13.2973,24.7688,29.9253,64.6632,38.7079,43.7048,10.3831
1463593382,-51.7172,12.4032,24.1875,29.0091,62.896,36.5082,43.4096,11.7483
1463593422,-51.3187,13.8027,25.58,29.9691,59.4768,32.9413,41.8205,8.87421
1463593462,-51.5708,13.1417,25.1859,30.2691,64.1601,39.721,42.441,8.2291
1463593502,-52.867,13.0824,23.8963,29.4103,63.5424,37.8858,42.0542,7.78901
1463593542,-53.8757,11.9912,23.7237,28.1609,61.5257,35.3202,40.1085,8.34991
1463593582,-53.4232,10.9945,24.0949,28.2787,61.7393,35.5009,39.6042,6.16743
1463593622,-53.8212,12.3001,24.4937,28.395,58.8526,32.1797,40.8305,6.58686
1463593662,-54.5209,9.85207,24.7284,29.6445,65.857,41.7672,39.9251,7.26808
1463593702,-54.8587,9.79244,22.5431,28.3414,61.095,35.3406,40.1421,6.2096
1463593742,-56.914,8.14478,24.9103,30.2681,63.4891,37.1329,39.1735,5.11494
1463593782,-56.5723,8.06054,27.3879,32.3233,63.1216,37.1272,37.8335,4.34544
1463593822,-57.7239,8.55361,26.5824,31.7635,63.0129,36.3662,37.5827,4.84615
1463593862,-56.4793,8.49306,27.6998,31.553,60.6978,34.8932,37.7523,3.44533
1463593902,-56.0713,8.9488,27.212,31.1932,61.759,36.3452,38.1958,5.54532
1463593942,-55.9918,8.6699,26.4913,30.5087,61.4332,36.1569,38.4459,4.44527
1463593982,-55.6274,7.5063,26.279,30.9401,62.3785,38.3866,38.3331,7.37244
1463594022,-56.5682,8.52804,24.903,31.1659,62.6986,36.4427,38.3503,6.6335
1463594062,-55.0376,10.1994,24.1908,29.4393,58.2063,31.9799,38.3401,4.14797
1463594102,-54.6558,10.1974,26.2337,29.3848,60.8219,34.9835,38.1616,6.96208
1463594142,-56.8023,8.73974,25.9762,30.1767,65.4536,40.0342,38.0627,5.74596
1463594182,-55.6421,9.71452,25.8731,30.5215,62.1217,36.2541,37.806,5.58054
1463594222,-55.8437,10.1064,26.3362,30.5615,61.1513,34.5004,36.8033,2.86881
1463594262,-53.1689,11.1174,27.4255,30.774,61.9517,35.8572,35.8377,4.21018
1463594302,-55.7174,8.60053,27.7403,31.4871,58.4236,31.4159,36.1212,3.14614
1463594342,-53.819,10.1761,28.1973,30.9655,63.2095,35.3847,37.3533,5.09134
1463594382,-54.1352,10.2448,28.0411,31.1721,62.3275,36.5544,37.3244,2.80005
1463594422,-52.745,12.416,25.943,29.5648,63.6531,36.1551,37.374,4.87674
1463594462,-55.0612,11.1628,27.5901,30.4318,61.1651,34.7528,36.845,3.11513
1463594502,-53.5453,11.582,26.886,30.5934,60.347,34.2309,36.4084,4.08431
1463594542,-53.6436,10.8608,25.9458,30.8809,60.7316,34.3986,36.5558,2.76551
1463594582,-54.1464,11.1562,26.6888,30.9439,61.2597,34.0624,35.733,4.42902
1463594622,-54.3625,11.2578,27.1161,31.8822,60.8384,33.7484,35.7702,2.70173
1463594662,-53.4957,11.8135,27.3591,31.2737,60.6402,33.5545,35.1738,2.94891
1463594702,-53.6671,11.8514,28.6134,31.4156,60.8377,33.2064,36.4357,4.07847
1463594742,-53.2047,12.1123,27.9772,32.0387,60.2024,32.6285,36.0557,2.49906
1463594782,-52.7396,12.3343,28.7565,30.9903,60.6822,32.8638,35.5772,2.60326
1463594822,-53.5963,11.9655,26.9234,30.3588,60.196,32.5156,35.9962,3.78811
1463594862,-51.7689,11.556,26.3559,30.9207,59.8997,34.6107,35.4063,2.15714
1463594902,-52.7003,11.2937,28.0967,31.3151,59.1612,31.7285,35.6666,2.71571
1463594942,-52.788,10.6066,26.7602,31.5744,61.077,34.3083,34.9863,2.07375
1463594982,-53.8055,10.0386,24.6527,29.1723,61.9407,35.1452,37.1809,5.03067
1463595022,-54.3477,9.42006,26.8746,28.7167,62.2984,34.7661,35.8907,4.2271
1463595062,-52.988,11.3873,25.8397,29.7651,62.7057,35.3985,36.0875,3.93828
1463595102,-53.3123,10.4377,26.038,29.4113,61.7254,35.6205,34.8206,1.92264
1463595142,-53.5959,10.556,27.406,31.1647,61.9222,35.2066,35.5772,2.87799
1463595182,-52.1727,11.0082,26.6929,32.0842,62.5594,36.2803,35.2049,1.50043
1463595222,-51.5219,12.3648,26.5326,32.1237,62.2929,35.8784,34.3014,4.1627
1463595262,-51.0585,12.6143,27.1724,31.1417,62.7337,36.4892,34.8447,2.19336
1463595302,-52.1138,11.4382,26.8074,31.241,63.1293,35.2553,35.3308,3.02203
1463595342,-53.5326,10.444,28.2922,31.058,62.5895,35.8932,34.4982,1.11638
1463595382,-51.6767,11.4094,27.8606,32.2707,63.7729,37.1298,34.8753,2.14682
1463595422,-50.34,12.5671,26.412,30.2259,61.7237,33.9054,33.334,0.905749
1463595462,-52.8883,10.2067,27.4409,30.0275,60.9555,34.8369,32.636,-1.25353
1463595502,-52.2021,11.5951,28.3321,30.9224,60.9568,34.5559,32.806,0.779304
1463595542,-51.5542,11.7293,27.3129,30.9441,60.9909,33.5391,33.7077,0.12775
1463595582,-52.6562,11.2656,27.9741,30.5726,61.0357,34.3075,34.1877,0.738694
1463595622,-51.553,11.7613,26.9989,30.8271,59.8037,32.7624,33.3939,-0.309028
1463595662,-52.1914,11.2373,28.5823,31.7734,60.4781,33.7136,32.7608,0.178393
1463595702,-52.8555,10.792,28.6847,31.7246,59.8091,32.3362,34.0897,1.03397
1463595742,-54.4558,10.4658,27.3625,32.5861,60.3026,33.057,34.791,0.112297
1463595782,-53.7591,10.0116,28.7533,33.4554,60.018,33.7807,35.0542,-0.503737
1463595822,-54.9025,8.85783,28.4537,32.3146,60.6121,33.652,33.9649,1.38687
1463595862,-55.5177,9.27924,27.8296,31.92,60.1449,33.1039,34.3656,0.832003
1463595902,-55.3542,9.63761,28.6524,31.7918,59.9563,34.0882,34.4503,1.71105
1463595942,-54.174,8.90022,29.078,32.9583,60.162,34.51,34.9814,-0.22967
1463595982,-55.2681,9.46677,27.5634,33.5308,60.4864,34.079,34.3356,0.869479
1463596022,-54.6461,10.411,29.9978,33.0876,60.7427,34.4667,34.1527,0.670332
1463596062,-53.712,10.4266,29.9066,32.8563,60.8916,34.0419,34.5733,1.13243
1463596102,-53.4315,10.806,29.6017,33.0162,61.1115,34.5569,34.755,0.342475
1463596142,-54.19,10.6754,29.5824,33.6312,61.5807,34.5095,33.4618,0.50877
1463596182,-52.7488,11.9293,29.5297,32.9015,63.1384,36.3447,33.3084,-0.146554
1463596222,-53.2841,11.8887,29.119,33.9698,63.0391,36.3477,33.6619,0.236388
1463596262,-52.5334,11.9748,30.2722,34.1895,62.3187,35.4126,34.7619,1.14276
1463596302,-52.3366,12.2357,31.756,34.4205,62.9588,35.3963,32.5632,1.16267
1463596342,-51.8529,12.7072,30.669,34.4163,63.1494,36.032,33.7804,1.39408
1463596382,-52.3784,12.4938,30.4478,33.872,63.2803,37.1879,33.5579,-0.542581
1463596422,-50.4437,13.5652,32.2762,33.6607,63.053,36.5483,33.8059,-0.0444001
1463596462,-50.4715,13.213,30.2334,34.8416,63.949,37.0323,32.892,-0.113342
1463596502,-51.6063,13.4484,32.353,35.3535,63.4437,37.3507,34.2096,-0.402022
1463596542,-50.9896,12.8573,31.3946,34.3659,63.8383,36.5243,34.0845,1.66987
1463596582,-51.3616,13.3965,31.4158,34.7003,64.4022,37.2522,33.6954,-0.578963
1463596622,-50.3245,13.3687,31.5379,34.8345,64.5062,36.525,34.2119,0.882069
1463596662,-51.8421,12.6978,29.4812,32.8795,62.4927,34.252,32.885,0.150026
1463596702,-52.2243,12.8733,30.1221,33.2901,63.2102,35.8461,32.2235,-1.03728
1463596742,-51.6316,12.3439,30.2828,33.0925,65.0318,38.5162,32.8112,-0.0289294
1463596782,-51.8462,13.1683,28.8327,33.3643,62.4315,34.8112,33.2891,-1.00029
1463596822,-51.2801,13.0247,31.7303,33.9567,64.2541,36.6919,33.2879,0.964832
1463596862,-51.5285,13.5489,29.0144,32.2697,65.6262,36.0351,33.587,-0.392071
1463596902,-51.4001,13.0073,28.6323,31.9131,65.4877,35.7473,33.1773,1.81187
1463596942,-51.0069,13.5987,29.4579,32.1688,65.3475,37.3401,32.7528,-1.15832
1463596982,-52.7615,13.1674,29.4786,32.3192,64.6461,35.917,33.2379,0.134184
1463597022,-53.4257,11.2547,23.8318,26.7784,65.649,36.327,36.7862,4.2969
1463597062,-54.1902,10.5305,33.6715,34.5683,66.9479,37.7275,30.536,-2.17634
1463597102,-54.6498,10.2319,32.7141,34.4778,70.0912,42.09,31.4534,-2.82325
1463597142,-54.759,10.2896,31.0549,34.1605,67.0275,38.2379,31.9388,-1.3944
1463597182,-55.2918,10.2142,32.0268,34.9631,68.3484,38.6314,32.0712,-0.731969
1463597222,-54.7587,10.6996,30.1903,33.7949,68.9216,40.2494,32.4206,-2.29406
1463597262,-54.4636,11.385,31.0138,33.8209,67.9094,39.2009,32.7568,-0.662376
1463597302,-53.736,11.2825,30.1139,33.4342,68.0046,37.913,33.4565,-0.0640441
1463597342,-53.8542,11.5648,27.9339,33.2363,66.0872,37.3888,32.5994,-2.50532
1463597382,-55.0263,11.3902,29.8588,33.1478,66.0291,37.7572,33.9306,0.310042
1463597422,-54.9252,11.4072,29.3735,33.162,66.2455,36.5054,33.3868,-1.25021
1463597462,-54.2916,11.3567,29.6105,33.1664,66.2284,36.6783,33.2208,-0.713816
1463597502,-53.6935,12.0492,30.8401,32.3393,66.4414,36.94,32.6403,-1.39006
1463597542,-54.2389,12.2355,30.6894,33.7659,65.8306,36.0498,32.3623,-1.81978
1463597582,-53.8719,11.4414,30.3496,34.0738,64.846,35.1542,31.8902,-2.69462
1463597621,-55.6624,10.12,31.227,34.1498,69.3407,40.1967,32.2952,-0.0730501
1463597661,-54.3528,11.6789,31.1356,34.1908,65.0605,34.4925,32.5384,-0.192554
1463597701,-54.5999,11.4916,29.5964,34.1133,65.0174,34.2175,31.5115,-0.752541
1463597741,-54.1616,12.8415,31.9813,34.7952,65.088,34.5244,30.9055,-3.03147
1463597781,-53.9148,12.1844,29.9862,34.0449,65.7784,35.4873,32.0154,-0.410338
1463597821,-53.5079,12.618,29.2975,34.2201,65.0969,35.1419,31.4687,-1.79448
1463597861,-54.2971,12.9808,30.5243,34.8143,65.0407,36.0365,31.2224,-2.918
1463597901,-54.5887,12.3812,29.9663,35.5018,64.4611,34.9658,31.1701,-1.36983
1463597941,-53.301,13.1023,29.2342,33.6435,64.8875,35.3456,30.8445,-3.19158
1463597981,-53.7428,13.4017,31.5089,34.2748,65.1189,35.9657,30.2533,-3.9082
1463598021,-53.7615,13.5826,30.2873,35.0513,63.959,34.0727,31.168,-2.39382
1463598061,-53.4025,14.1329,29.526,33.9141,64.7215,36.7737,30.7863,-4.15393
1463598101,-52.9929,14.3592,31.2024,33.6141,64.6532,34.8886,30.6493,-3.26227
1463598141,-52.9942,14.6909,30.0363,33.5675,64.1038,34.0945,31.5057,-2.30707
1463598181,-53.3706,13.7742,30.2792,33.9416,64.2716,34.5929,31.0034,-3.79469
1463598221,-52.9126,14.3064,30.5045,33.7043,64.5343,34.7805,31.097,-3.82144
1463598261,-52.4882,14.354,28.4345,33.1891,65.1404,35.7387,30.2843,-1.78281
1463598301,-54.2794,12.3782,28.0226,32.2984,64.7514,35.7195,31.4271,-2.5848
1463598341,-54.7032,12.0554,29.404,32.6741,65.0651,35.3549,31.6775,-1.92432
1463598381,-54.3118,12.4907,28.4016,32.9426,65.4702,36.183,31.9927,-3.11117
1463598421,-53.547,12.7707,29.2486,32.2685,65.6884,36.4594,30.9405,-3.78005
1463598461,-53.5832,12.2127,30.0826,32.6126,64.8459,37.0932,30.9409,-3.25913
1463598501,-54.537,12.0501,28.4113,33.2928,65,35.3779,31.1928,-1.6434
1463598541,-55.3769,11.5014,28.3284,33.1438,65.2847,35.0478,31.444,-3.23369
1463598581,-55.2828,11.194,28.7371,31.6515,64.6016,35.3695,31.0517,-2.30738
1463598621,-55.0054,11.0401,27.1714,30.9987,64.0643,35.2605,31.3899,-4.37052
1463598661,-54.6011,11.2373,28.6829,31.9769,64.0706,34.3799,30.5967,-2.54326
1463598701,-55.1158,10.2239,27.8923,32.3031,63.7834,34.6942,30.7232,-3.42194
1463598741,-55.7526,10.4985,28.251,32.7466,63.0512,34.1681,29.9247,-2.87936
1463598781,-54.8395,11.3922,28.203,31.7714,63.6374,35.1654,29.8265,-4.4058
1463598821,-54.6909,11.1794,28.1802,32.7103,63.8934,34.4763,29.707,-2.81405
1463598861,-55.1294,11.1638,28.4368,31.8912,64.3436,34.5512,29.5185,-4.57775
1463598901,-49.2854,13.5981,25.427,30.1137,67.6529,40.7522,38.0832,2.13995
1463598941,-46.8308,14.6584,22.2799,29.2824,69.7347,43.3884,40.3461,3.42994
1463598981,-45.8607,15.4159,22.7041,29.7901,69.893,44.8336,41.456,3.02804
1463599021,-46.7853,14.9133,21.7044,29.4008,70.1489,46.0528,40.8264,2.58289
1463599061,-46.5371,14.8911,22.2965,30.0011,70.5862,44.6993,41.0853,2.39878
1463599101,-46.0011,15.6768,24.35,29.8478,67.114,42.7029,40.8001,2.20931
1463599141,-45.9028,16.0442,22.8639,29.3428,68.3258,43.0432,40.1295,2.46961
1463599181,-44.7494,16.6095,23.2949,30.7258,68.7576,43.7265,41.1602,1.18474
1463599221,-45.4116,16.2087,23.0623,29.2978,68.5733,43.3616,40.5059,2.64402
1463599261,-45.5486,15.3528,23.7918,30.1626,69.1546,43.7622,40.3259,1.9676
1463599301,-45.9543,15.7709,22.7026,29.9233,69.112,45.2868,40.4613,1.5039
1463599341,-45.9337,16.8483,23.6849,30.2677,68.7484,44.3829,41.0205,2.64214
1463599381,-46.1926,17.2508,23.3605,30.1095,68.6498,43.6191,40.2412,0.406426
1463599421,-45.7941,17.057,22.4284,29.8129,68.6502,44.2135,40.3616,1.81261
1463599461,-45.646,17.1423,22.9188,29.2279,69.1632,43.3828,39.7472,2.70282
1463599501,-45.3681,17.0931,22.626,29.7756,69.1255,45.2487,40.6871,0.741067
1463599541,-46.0722,16.5183,23.1542,30.819,68.6752,43.6072,40.5157,1.39443
1463599581,-44.9857,17.7994,24.2303,31.6323,66.7411,42.4434,40.2705,1.08102
1463599621,-45.4457,18.6021,22.3769,30.0226,66.1298,42.8847,39.2644,-1.64099
1463599661,-44.7033,18.9865,23.3909,29.93,69.3058,44.1367,39.8082,-0.845012
1463599701,-45.4295,17.8229,22.7054,29.7432,68.4921,43.3832,40.4128,-0.699444
1463599741,-45.9881,17.3417,22.4314,29.8429,68.9174,42.3751,39.0499,-0.419668
1463599781,-45.617,16.9527,23.9139,29.9736,69.1312,43.2353,38.5249,0.290206
1463599821,-45.6503,16.113,22.5357,29.7716,70.3759,42.7188,38.5282,0.365223
1463599861,-46.6146,15.6867,21.7819,30.4832,70.9148,44.5805,38.3982,-0.518145
1463599901,-47.5231,15.8056,23.0442,30.3675,71.291,43.7477,38.6928,1.44193
1463599941,-47.4217,15.6648,23.5146,30.7211,71.7353,43.099,39.2658,0.98109
1463599981,-47.6163,15.3931,23.2489,31.1128,72.0212,43.93,39.515,1.0181
1463600021,-47.4666,15.6973,22.5146,30.146,72.0457,45.5669,38.2377,-0.76395
1463600061,-48.188,15.4706,22.3922,29.1793,71.3454,43.604,38.1511,1.19526
1463600101,-47.0766,16.0668,22.2978,29.5333,73.1849,44.2917,38.7814,1.73673
1463600141,-46.7379,16.7661,24.568,29.5453,69.8943,40.9857,38.5089,-0.702314
1463600181,-46.967,16.304,22.6281,29.9302,71.2903,41.9096,39.0855,0.676015
1463600221,-46.4019,17.3424,23.0579,29.3964,70.7417,40.8891,38.5889,-0.524225
1463600261,-46.017,17.0643,23.4806,29.2915,73.1882,43.8326,38.3929,1.55642
1463600301,-46.0281,16.7909,22.5811,28.5285,73.3594,44.2247,38.1271,-0.0738157
1463600341,-45.6561,17.4413,24.4984,29.6253,73.7663,43.671,38.1424,1.12062
1463600381,-45.8587,16.3971,23.6197,29.2515,74.0955,44.0353,38.7187,0.837947
1463600421,-45.8348,16.5577,22.7077,29.2857,74.9994,44.8102,38.2572,0.98636
1463600461,-45.8748,16.816,25.2237,29.8314,75.1014,44.5135,37.874,1.50101
1463600501,-46.8033,16.7191,23.3262,28.2803,75.375,44.434,37.0097,0.527699
1463600541,-47.2694,16.2421,23.177,28.8388,75.8733,45.865,37.6602,1.03983
1463600581,-47.6099,16.0504,24.6454,29.1514,76.4596,45.3883,37.8143,2.26449
1463600621,-47.4804,16.9653,23.3925,30.023,73.0121,44.982,38.1394,0.794117
1463600661,-47.5618,17.1533,21.4881,30.2591,73.2615,45.6807,38.3395,1.14109
1463600701,-47.671,16.8318,24.0737,30.4954,70.5583,43.06,37.2132,0.234128
1463600741,-46.5813,17.6926,23.134,29.999,71.4858,45.0943,37.6267,0.429587
1463600781,-47.4897,17.5634,22.4454,29.7109,71.2912,43.8178,37.397,-0.82783
1463600821,-45.369,16.4854,25.4587,29.9438,73.0062,44.4189,36.743,-1.34702
1463600861,-44.2213,14.2998,27.4029,31.3731,74.1865,42.034,35.2746,-1.71748
1463600901,-44.1696,15.0872,27.4835,31.9303,74.3252,43.2377,35.6059,-2.23854
1463600941,-44.6386,14.463,25.4839,31.9004,75.1117,44.1675,36.6291,-0.30303
1463600981,-44.7838,14.0988,23.7547,31.6278,75.0846,44.0459,36.0341,0.303322
1463601021,-45.2572,14.7034,23.1966,30.6905,75.1752,45.942,36.2767,-0.573442
1463601061,-45.4499,15.1144,23.8509,30.772,74.7438,45.4186,35.2825,2.23143
1463601101,-45.9313,15.9087,22.0616,30.6114,74.9151,44.9178,36.1504,1.82488
1463601141,-45.6501,16.2639,23.7817,30.1813,74.0783,45.7193,36.8403,0.78703
1463601181,-45.2216,16.2872,21.986,29.571,74.2051,47.091,37.1968,1.8381
1463601221,-46.598,16.01,22.3751,29.5924,73.6558,46.2679,37.5822,0.275576
1463601261,-46.6226,16.2683,21.9415,29.6692,73.8708,47.195,37.109,1.9631
1463601301,-47.0491,15.7562,22.1241,29.5101,73.5736,46.8426,37.5887,1.94617
1463601341,-46.9727,16.9091,22.7374,30.3888,73.442,47.3903,37.0873,-0.194117
1463601381,-47.4882,16.8159,21.8465,30.2506,74.1228,48.7653,37.4179,0.275463
1463601421,-48.2442,17.6769,21.1074,31.0728,73.8183,48.3979,37.0732,-0.0338976
1463601461,-49.2173,16.831,22.0328,30.7342,75.6124,51.7709,37.4678,-1.0678
1463601501,-48.443,17.933,22.1051,30.7611,68.3588,43.4891,37.8721,-0.927194
1463601541,-49.1464,16.9834,21.6842,31.1854,72.2141,48.0715,37.5395,-1.06295
1463601581,-49.0214,17.6911,21.1366,30.7157,71.6228,47.3714,38.4807,-0.93956
1463601621,-50.0966,17.5659,21.8474,30.4647,71.8017,49.0159,38.042,-3.20715
1463601661,-50.7292,17.734,20.5629,30.8113,71.8318,48.3152,37.6481,-1.91419
1463601701,-50.986,17.6103,22.5628,31.3551,72.3412,49.9112,38.5213,-1.96258
1463601741,-51.8261,17.9614,19.7042,29.7081,71.7634,48.9029,37.9779,-0.762926
1463601781,-50.5772,18.7553,21.2075,29.5278,71.8026,50.875,38.5529,-2.95982
1463601821,-51.3973,17.9,20.5102,30.4158,72.3879,50.5473,38.6574,-0.978555
1463601861,-51.4137,18.1741,20.3076,30.5842,72.3738,48.7076,37.649,-1.45434
1463601901,-47.6972,16.5932,22.7398,30.6815,73.286,47.9937,35.3714,-0.644785
1463601941,-48.8784,16.9043,22.456,29.9775,74.0559,47.1283,35.3442,-1.73127
1463601981,-48.6782,15.8825,21.6429,29.3071,72.1964,45.9521,35.2832,-1.15938
1463602021,-47.8935,16.3758,23.1449,29.7419,73.4491,46.8633,34.739,-3.04086
1463602061,-46.5453,17.9354,22.265,30.7666,71.9606,47.8629,35.2011,-2.77038
1463602101,-46.4553,17.2641,21.0856,30.9315,70.6091,46.1247,35.2974,-4.17139
1463602141,-46.2102,17.6188,23.2886,30.972,72.6238,46.4664,35.478,-2.14778
1463602181,-47.4177,17.0561,22.6355,30.6714,73.5645,47.3082,35.3243,-3.06993
1463602221,-46.9621,16.0224,21.4475,31.011,72.0187,44.6128,34.5379,-2.73846
1463602261,-47.7477,15.7785,22.4013,30.058,70.6314,43.4918,34.9158,-2.80376
1463602301,-47.4453,15.1839,21.8848,29.9241,74.6042,46.9174,34.8533,-1.38301
1463602341,-48.1257,15.289,22.1657,29.6965,74.0868,46.4443,35.4611,-2.64275
1463602381,-48.1584,14.6226,21.8396,30.2037,74.0713,46.0127,35.2683,-1.30924
1463602421,-48.7273,13.8812,21.7705,31.0559,77.602,51.324,35.6473,-2.24718
1463602461,-48.4878,14.2904,22.3313,29.9186,74.7321,47.1839,34.5465,-1.27145
1463602501,-49.4228,13.7842,22.1543,29.7689,73.1066,44.035,34.2481,-0.86253
1463602541,-49.3256,13.999,20.5111,29.6614,75.5374,47.213,35.9512,-1.77717
1463602581,-49.6175,14.503,22.0214,28.3778,73.2667,44.7041,35.5213,-1.40836
1463602621,-48.3784,14.1517,21.3868,29.6341,80.2978,53.5574,34.5024,-2.07466
1463602661,-48.9275,14.182,22.1525,30.0412,75.1364,46.8287,34.8424,-0.240169
1463602701,-48.4473,14.7496,22.3792,29.5178,73.0955,42.9979,33.8085,-1.79678
1463602741,-48.907,15.3096,22.3311,28.564,74.6927,45.6926,34.2278,-1.9103
1463602781,-48.2885,15.3677,22.3704,28.682,76.5344,46.3054,34.0723,-0.271024
1463602821,-47.8285,15.6977,23.3726,27.9683,74.6965,46.065,34.0353,-2.99943
1463602861,-47.6297,16.3672,23.2159,28.3233,75.5157,45.3874,33.9142,-0.597334
1463602901,-47.9917,16.5286,24.0203,29.0007,76.252,47.2553,33.4731,-1.92651
1463602941,-48.6143,14.9957,23.3211,28.7131,76.4275,46.3343,34.7167,-0.548954
1463602981,-48.8559,14.1153,22.132,28.9645,76.8035,46.2687,33.8331,-0.835063
1463603021,-47.66,14.0985,23.428,28.5228,77.8797,47.4333,33.984,-0.9601
1463603061,-47.5075,17.236,21.9738,27.9276,73.9337,42.2728,33.195,-2.08072
1463603101,-48.309,16.2846,22.161,29.1808,73.5009,45.5457,33.6749,-1.5395
1463603141,-48.8016,15.9287,23.0711,29.2792,71.9586,43.7539,33.8468,-2.20583
1463603181,-48.6483,15.9871,23.4822,28.6615,73.018,46.6064,34.3836,-2.19991
1463603221,-48.1188,14.6322,22.5842,29.4243,73.8533,45.3359,33.7147,-2.46138
1463603261,-45.6795,12.7194,26.996,32.2412,73.361,39.5465,32.5317,-3.03251
1463603301,-46.4009,13.0852,25.5048,31.0342,75.8614,43.7884,32.7506,-2.69684
1463603341,-46.3035,13.2203,24.3976,31.1728,74.3152,42.4332,33.0017,-1.73151
1463603381,-46.6612,13.0289,24.7955,30.8817,76.7289,47.8422,32.9525,-2.0503
1463603421,-47.5079,12.2697,22.5666,30.1339,73.9013,44.1824,32.9449,-0.194427
1463603461,-47.406,14.4959,20.7072,29.7139,71.9001,41.9292,32.5116,-3.0716
1463603501,-48.6668,13.6804,21.8948,29.3423,74.2428,44.8822,33.6262,-1.61903
1463603541,-47.9365,13.0515,21.7301,29.8033,72.776,44.0929,34.0785,-1.44472
1463603581,-48.8114,12.7465,21.0948,30.3482,71.602,44.5707,34.112,-2.3168
1463603621,-49.8593,12.6674,22.8766,30.087,73.0098,44.3319,34.3188,0.362156
1463603661,-49.3893,14.1597,22.3952,28.6916,69.8462,41.3951,34.2852,-0.749216
1463603701,-49.4977,14.4626,20.5536,29.3352,71.9165,43.9216,33.9103,-2.50395
1463603741,-50.0811,14.4796,21.5484,29.0712,73.0404,45.8621,34.1164,-1.48461
1463603781,-50.7568,14.6409,20.3252,28.939,72.8622,44.854,34.2362,-1.19238
1463603821,-51.2772,15.0454,21.1567,29.0163,72.2689,46.1337,33.8712,-4.17954
1463603861,-49.8134,16.7395,21.9845,29.9381,70.1101,43.9182,33.6148,-4.19006
1463603901,-50.4927,15.9904,20.3331,29.8509,71.8324,44.8327,34.7679,-3.46717
1463603941,-50.3833,16.4699,19.369,28.8142,73.9434,48.8671,35.3228,-5.05092
1463603981,-50.7032,17.2331,19.9994,28.5405,73.144,48.0399,34.4398,-4.57627
1463604021,-52.2302,16.0255,20.2316,28.5847,73.6793,47.3371,34.5981,-3.65194
1463604061,-52.3635,16.1886,21.0412,29.0169,73.6251,47.9975,35.1561,-2.81561
1463604101,-51.7624,17.4248,19.4912,29.1439,74.0328,50.5394,36.2065,-3.08927
1463604141,-52.5771,17.5378,19.0488,28.886,72.9454,48.0748,36.6892,-4.22453
1463604181,-53.5519,16.7137,20.413,29.7114,73.4836,49.8306,35.6428,-4.30032
1463604221,-53.6971,16.5223,20.0535,29.2966,73.3548,49.8804,35.3379,-4.21707
1463604261,-53.9504,17.1214,18.8998,28.6143,72.8844,48.5932,35.6692,-3.95083
1463604301,-52.0644,14.9496,22.8377,28.9396,74.3178,46.7979,33.1179,-3.98059
1463604341,-51.9489,13.8509,21.5038,29.0997,74.0007,45.9976,33.0392,-4.23584
1463604381,-52.3314,13.938,22.8002,28.9315,74.8291,46.4032,33.3536,-2.52616
1463604421,-51.485,14.1506,23.0097,28.8738,73.972,46.6249,32.4659,-5.95161
1463604461,-51.8069,14.0174,22.6676,28.9101,74.6977,46.0534,33.4169,-2.79039
1463604501,-50.4075,15.2922,22.8522,31.3616,76.0739,45.0452,34.1882,-3.67861
1463604541,-49.6028,15.6986,22.0016,30.2838,76.6141,44.8633,34.0471,-1.93862
1463604581,-50.4491,15.4054,21.309,30.3793,78.3517,45.6291,32.7822,-2.83859
1463604621,-49.7082,14.7456,21.4093,30.1641,80.2767,50.2375,33.042,-5.11843
1463604661,-49.9697,14.6743,22.1636,29.2017,77.0083,48.2077,33.3011,-2.18395
1463604701,-51.5685,13.04,21.4028,29.0439,76.7481,47.0666,33.937,-2.99043
1463604741,-52.0709,12.5091,22.2314,28.4187,76.9666,49.9195,33.619,-5.46962
1463604781,-51.0939,13.2874,20.8346,27.7432,77.6769,49.379,33.6014,-2.99278
1463604821,-51.7063,12.6097,20.6189,27.8939,76.6361,47.5306,33.4357,-3.58395
1463604861,-52.0565,11.8276,21.1027,27.972,76.5999,50.3064,34.2555,-4.71976
1463604901,-51.9728,11.6827,19.493,27.4963,77.0935,48.9585,33.0299,-3.89144
1463604941,-52.6857,11.671,19.7429,27.663,76.0222,49.6877,32.7736,-4.55542
1463604981,-52.6873,10.586,20.2236,27.6227,76.97,49.4098,33.3621,-3.04882
1463605021,-53.3131,10.3573,21.2515,27.8141,76.3975,49.1964,33.3875,-3.24872
1463605061,-53.0054,11.7109,20.7899,27.266,76.6395,48.9644,34.1454,-2.77295
1463605101,-51.6158,11.7593,21.9944,26.3631,77.3876,49.0093,33.7889,-3.59446
1463605141,-54.1629,11.7004,20.1502,25.9266,77.7781,50.2593,34.2511,-3.02346
1463605181,-53.9976,12.6396,20.0662,26.3424,79.1046,48.8151,33.8873,-3.40967
1463605221,-52.6645,12.689,21.283,25.7972,78.648,49.6053,34.1678,-3.06721
1463605261,-53.9275,12.2123,19.7906,26.2534,80.2649,51.2567,33.2462,-2.25333
1463605301,-52.6116,13.1927,19.7799,27.0995,77.2729,46.193,32.5154,-2.97639
1463605341,-52.8405,12.7886,20.7279,26.9025,80.655,51.0919,33.8222,-4.61233
1463605381,-53.0234,12.1198,18.6474,27.6108,81.0132,50.5541,33.5675,-2.18431
1463605421,-51.5454,12.6827,20.1157,26.9682,80.1897,49.3786,33.82,-1.81055
1463605462,-52.0082,12.6467,20.8159,27.877,81.8601,50.4824,33.5866,-2.79689
1463605502,-51.944,12.9918,19.3225,27.0594,82.0426,51.8403,34.0673,-1.78379
1463605542,-52.9283,13.0121,19.3426,27.7307,82.7098,50.7104,34.6544,-1.7636
1463605582,-52.0856,11.7999,20.2466,27.4656,81.7718,52.7597,34.0383,-2.22432
1463605622,-54.1154,11.2956,18.5093,26.8153,80.506,51.3528,33.401,-2.55435
1463605662,-53.3994,11.432,19.8112,26.7405,80.8411,51.5543,33.8387,-3.34256
1463605702,-53.1435,11.8336,19.1628,26.4858,80.8377,52.219,33.5305,-2.53939
1463605742,-53.9265,11.76,19.7063,26.9759,80.4445,52.6156,33.7183,-3.38224
1463605782,-54.3714,10.758,20.4851,26.7652,80.4952,51.5292,34.0411,-1.36805
1463605822,-51.9396,8.54906,20.6966,27.8017,79.4238,52.741,35.2332,-3.15351
1463605862,-51.3966,8.10549,23.1007,28.6653,79.8091,54.0564,36.0729,-2.27084
1463605902,-52.5513,8.24692,22.293,28.4655,78.6059,52.3105,36.2581,-1.33515
1463605942,-53.5117,9.99589,18.5733,27.0243,79.4664,51.6976,34.4962,-3.48611
1463605982,-52.2983,9.78724,20.7017,27.1609,79.0421,51.5249,33.7745,-2.56663
1463606022,-53.1354,11.493,18.7787,27.6594,80.0348,51.9787,34.3121,-2.4151
1463606062,-54.96,10.1716,18.2682,27.7204,81.2168,51.3007,33.8433,-3.0705
1463606102,-54.6492,9.76999,19.4153,26.5103,81.9584,53.554,33.5958,-1.7771
1463606142,-55.7635,10.4522,18.6395,26.7456,80.0188,50.4062,33.4668,-2.81344
1463606182,-55.5897,10.0417,17.4591,26.3713,82.8589,52.5477,32.7168,-3.59896
1463606222,-55.7527,10.5564,18.92,26.7336,81.0778,49.8535,33.6001,-2.90224
1463606262,-57.2689,11.5659,17.5049,27.372,81.8704,49.3737,33.4231,-2.96653
1463606302,-57.3456,11.6955,18.6771,27.5075,81.6696,49.7404,33.0341,-4.97349
1463606342,-58.5005,11.516,18.3629,27.0824,81.2328,48.4491,33.5263,-3.26787
1463606382,-58.1859,12.3159,18.0568,28.3254,80.8205,49.8373,33.2685,-3.7074
1463606422,-57.9901,12.4263,19.2237,28.5192,80.576,49.0574,33.4859,-1.41121
1463606462,-57.013,10.8066,20.4383,27.9429,80.3892,49.9436,33.2986,-3.82612
1463606502,-57.8257,10.8422,19.8888,28.7528,79.7665,50.5527,35.0304,-2.02135
1463606542,-57.0527,11.0266,20.2056,28.7002,80.5976,49.1278,34.6607,-2.56095
1463606582,-55.973,10.0257,18.9122,27.9282,79.8577,49.6722,34.4227,-3.17725
1463606622,-56.619,9.95395,19.9714,28.7213,79.2103,49.3168,33.5552,-3.35657
1463606662,-56.7311,9.60725,20.766,27.8955,78.6516,50.0504,35.4373,-3.77183
1463606702,-55.393,8.79407,19.5518,28.78,77.8636,50.7635,35.691,-3.24864
1463606742,-55.9963,8.76911,20.796,29.0223,77.9548,50.7721,35.8923,-4.34454
1463606782,-54.3322,7.99377,21.2117,28.5919,78.2863,51.4146,35.7177,-1.88881
1463606822,-52.3195,9.35595,21.9753,28.5921,80.5816,53.9207,36.8335,-2.7926
1463606862,-54.0451,8.32676,21.7167,28.6132,77.7219,51.4936,36.455,-4.22416
1463606902,-54.5645,9.38306,20.0324,28.7665,78.4604,50.4837,35.5242,-3.16662
1463606942,-55.809,9.88019,18.8154,27.9063,79.1071,50.2748,34.2779,-3.48157
1463606982,-55.7807,10.4359,19.8647,28.2458,77.9884,48.5294,34.1816,-1.18401
1463607022,-54.9943,10.1096,19.5246,28.422,78.7002,48.4928,34.7565,-1.43834
1463607062,-55.7464,9.82187,18.9162,28.6719,79.1976,50.4252,34.5146,-4.2758
1463607102,-56.1914,10.85,19.5058,28.409,79.0523,49.0265,34.5962,-1.73334
1463607142,-54.8752,9.71648,18.7099,27.6166,78.4674,49.0662,35.2761,-1.43224
1463607182,-55.3474,9.73369,18.586,27.8281,78.8677,50.7514,35.6512,-3.48679
1463607222,-53.6352,9.87204,19.9788,27.9301,78.1479,49.6781,35.7716,-1.41653
1463607262,-49.2547,12.3372,20.6864,29.5089,73.2218,46.1083,38.8989,1.54552
1463607302,-47.2119,13.2327,20.1177,29.8095,70.9261,45.413,40.5676,4.15691
1463607342,-46.1863,14.2366,23.9108,29.0806,70.9443,46.4013,41.3781,2.35674
1463607382,-46.6298,13.9085,22.9008,28.7507,71.1303,45.5053,40.3729,3.57734
1463607422,-47.6161,14.2639,21.9,28.8235,70.6422,46.2401,40.5464,2.59225
1463607462,-46.7218,14.3549,21.2997,27.8967,70.2043,45.3903,40.8151,2.40557
1463607502,-47.708,13.5852,20.637,28.9973,71.4637,46.7742,40.9332,1.54482
1463607542,-47.4707,14.1968,22.2336,28.7949,70.669,45.4474,40.2257,2.61915
1463607582,-47.5066,14.1202,21.5157,28.7169,71.2393,45.7397,40.6191,3.11088
1463607622,-49.1011,12.7029,21.6495,29.2851,70.4286,44.2687,40.2114,5.5193
1463607662,-48.185,12.8309,23.2427,29.1364,69.3429,43.7041,40.2363,1.68081
1463607702,-47.1324,13.9524,21.5487,27.733,71.1292,44.702,40.9321,3.28553
1463607742,-47.5851,14.1567,20.9565,28.3713,70.2203,43.4452,40.7443,2.60269
1463607782,-47.6839,13.8701,22.5074,28.3037,70.5964,44.1239,40.482,2.88601
1463607822,-48.4042,12.7543,21.8748,28.1743,71.3437,44.6384,40.9804,2.72974
1463607862,-47.6113,13.8789,21.4749,28.5131,71.1051,45.5059,40.6184,0.205011
1463607902,-47.788,13.1097,21.3834,27.6551,70.4404,45.5473,39.3786,2.06337
1463607942,-49.0626,12.6328,19.7286,25.9785,67.7999,40.9168,38.9703,1.17337
1463607982,-48.0725,13.6833,20.651,27.5252,69.2629,43.2829,40.516,1.39423
1463608022,-48.3928,13.3192,20.7132,26.4504,69.0962,42.7411,39.4798,3.26884
1463608062,-46.881,14.9612,20.3072,26.6283,65.5979,38.6567,39.3349,0.752421
1463608102,-47.8089,13.5976,20.1572,28.0495,67.8694,41.4429,40.0893,3.92113
1463608142,-47.9959,14.212,20.7871,28.1332,67.4531,41.8596,40.0892,1.66872
1463608182,-48.1293,13.3922,20.9137,26.9632,67.0496,42.4998,40.334,2.49895
1463608222,-48.8624,13.163,19.7337,26.8688,68.5157,41.3194,40.6061,3.23087
1463608262,-47.802,13.6682,21.1985,27.6377,69.7968,43.8531,39.5106,1.76511
1463608302,-47.7719,13.8608,20.5425,27.1976,69.0514,40.9014,40.6614,3.83543
1463608342,-48.8615,12.9694,21.4748,26.796,69.5736,42.0921,41.1369,3.28755
1463608382,-47.9238,12.9601,21.2895,27.7914,69.1481,42.1273,40.2343,3.19469
1463608422,-48.956,12.1905,19.5856,26.7204,69.148,41.3887,41.4223,3.49159
1463608462,-49.4574,12.8202,20.9734,27.5761,69.1816,42.4174,41.6283,2.68081
1463608502,-48.3348,14.0954,21.8114,27.2882,68.7107,42.2763,40.0062,3.33681
1463608542,-47.9195,13.0503,21.4521,27.1944,66.6668,39.61,40.7775,3.27363
1463608582,-48.2288,13.0563,22.4454,27.6442,68.1819,41.9758,40.8645,1.26354
1463608622,-48.4223,12.8812,22.5954,28.0182,69.7209,43.4522,41.1763,4.62995
1463608662,-49.3842,12.7276,21.0202,28.0843,68.8707,43.4386,41.1475,3.48019
1463608702,-49.1813,12.9427,22.3988,28.6516,69.4145,43.7125,40.164,2.42188
1463608742,-48.3364,13.3285,20.9252,27.9728,69.2017,42.2243,40.3486,3.57451
1463608782,-48.1372,13.772,22.7765,28.6245,70.3195,43.8839,40.6472,3.9628
1463608822,-48.1609,13.7808,22.979,29.1114,70.948,44.0005,40.439,3.11628
1463608862,-47.7758,13.4734,21.8849,28.5792,69.8509,43.1953,40.1981,3.5949
1463608902,-48.2637,14.2252,22.9855,28.9372,70.1245,43.6139,41.438,3.35273
1463608942,-48.1905,13.5956,23.7443,29.026,70.9801,44.0133,40.5385,5.43877
1463608982,-48.5238,13.3305,22.8862,30.9694,70.6226,44.6451,41.2184,2.18303
1463609022,-48.1784,14.0798,24.186,29.4171,69.3654,41.8466,41.037,4.32328
1463609062,-48.6163,13.8818,23.6145,30.1912,71.6906,44.4468,40.0671,4.70559
1463609102,-48.7915,13.8939,22.3694,30.5171,71.4989,46.1341,40.8964,3.69585
1463609142,-51.2682,12.3862,22.1857,29.2095,69.3521,42.5063,39.2148,2.93486
1463609182,-50.8397,12.0973,22.1274,28.0599,69.4091,42.6756,39.8847,2.45711
1463609222,-51.0141,12.4244,20.3221,28.1502,67.8271,41.6558,38.6255,1.15075
1463609262,-51.1507,10.9298,20.4033,26.9433,68.857,41.5865,39.9336,3.13075
1463609302,-51.133,9.56535,23.0201,30.623,70.0012,42.7873,39.9002,3.38553
1463609342,-53.547,8.91674,23.2069,30.3542,70.6987,43.8065,38.4318,0.813824
1463609382,-53.479,9.03337,23.4116,30.5,68.6341,41.5969,37.585,0.309779
1463609422,-53.3811,9.07303,22.3485,30.2085,67.9927,40.6659,38.7361,2.80002
1463609462,-51.9008,10.1642,22.8499,29.5754,69.6791,42.4574,39.2597,2.59135
1463609502,-52.0066,9.28814,24.0262,29.574,70.84,43.6694,39.4892,2.24503
1463609542,-51.1788,10.5466,23.0705,29.0489,68.3874,40.1001,38.9916,2.86523
1463609582,-51.7282,10.2633,22.1271,29.176,71.7104,43.7484,39.8448,2.57192
1463609622,-51.9599,10.0072,21.7092,27.9354,69.3105,42.0205,39.5517,3.18859
1463609662,-52.5939,9.84957,20.6438,27.02,70.886,42.9501,39.2746,3.91699
1463609702,-53.0821,9.82825,21.8696,28.1596,70.7631,43.1388,38.6221,1.93465
1463609742,-52.1785,10.1999,22.3829,28.0498,70.5312,43.682,38.2513,2.38285
1463609782,-51.7115,11.1699,22.0804,28.7597,69.3097,42.442,37.884,3.19198
1463609822,-49.7381,12.8248,23.1826,29.2267,70.2187,42.4169,37.7139,2.23074
1463609862,-50.823,10.8889,23.6851,28.41,68.3159,41.5856,37.556,-0.492909
1463609902,-53.2268,8.83545,22.6203,29.718,76.0648,49.309,39.0947,3.0788
1463609942,-51.3702,12.1877,23.8737,28.7364,68.9156,40.7061,39.5702,3.28838
1463609982,-49.7599,12.4959,22.4853,28.3324,65.3178,37.6963,37.7936,0.985167
1463610022,-49.2226,13.0801,21.9826,28.493,67.2993,39.5409,39.0632,2.80229
1463610062,-49.3253,13.0687,24.216,28.7869,67.5785,39.6549,38.5706,2.21872
1463610102,-48.9494,13.9137,23.068,29.4044,67.2118,39.1864,38.4164,3.55493
1463610142,-48.4605,13.3428,22.8134,29.5742,67.1198,39.2716,37.9104,0.462567
1463610182,-50.0581,11.9748,24.1488,30.2533,69.0917,41.5206,38.0932,2.47078
1463610222,-50.6245,11.9364,22.7879,30.0937,71.6456,44.6605,38.8866,2.8799
1463610262,-49.0816,14.4113,23.7848,29.863,65.8068,38.2484,37.2025,2.53429
1463610302,-47.5774,14.9677,24.7424,29.5488,65.2507,37.2945,38.6284,1.28925
1463610342,-46.5241,15.2929,22.8385,30.1173,64.4729,37.0263,38.6806,2.46383
1463610382,-47.1437,15.8689,24.1097,29.8895,65.2418,36.3751,38.7369,3.1672
1463610422,-47.4744,14.3712,24.6021,30.8352,66.451,38.0697,38.6079,2.49554
1463610462,-46.99,15.076,22.6253,30.6874,64.1035,36.8147,38.7402,0.196318
1463610502,-46.3259,16.0299,24.534,30.6817,64.8425,37.7755,38.75,2.55187
1463610542,-48.8777,12.0874,23.0821,29.4955,71.6753,46.4103,40.4862,2.16577
1463610582,-50.7754,12.4887,22.4137,30.1104,66.9054,39.7397,40.5209,3.91469
1463610622,-48.6565,15.3849,23.657,28.5747,62.9381,33.7109,39.2584,2.09185
1463610662,-49.7415,14.5734,22.3262,30.1029,67.2189,38.6256,39.5645,3.76416
1463610702,-49.6335,14.1456,22.0097,29.4192,66.0885,37.6307,38.9825,2.02166
1463610742,-50.6275,11.731,23.177,30.4325,69.6204,42.4881,40.072,3.43147
1463610782,-49.4485,13.1526,22.1519,29.6818,67.0284,38.976,39.4668,2.71476
1463610822,-49.1573,14.5097,18.687,24.8089,63.6232,34.6562,40.4816,5.32765
1463610862,-50.8654,12.0537,23.6219,29.3832,66.4512,38.029,37.5995,0.0598342
1463610902,-51.812,11.8117,23.0381,29.6086,65.3813,36.3975,38.3523,2.62122
1463610942,-51.6724,12.6284,22.1135,28.3476,65.9587,37.0017,37.616,0.991989
1463610982,-51.492,12.3267,22.7503,28.1519,66.4055,36.8026,38.8899,3.03548
1463611022,-49.6173,13.8081,22.4174,28.7417,64.4848,36.2483,38.7086,0.914693
1463611062,-50.3759,13.6522,22.193,28.8045,61.7106,32.4234,38.7774,2.71659
1463611102,-50.1744,11.8747,21.8622,28.6127,65.9113,36.5554,39.2137,2.11874
1463611142,-49.9688,12.8488,22.8412,28.553,65.7967,36.8884,38.5568,2.46104
1463611182,-51.4095,12.5288,22.2551,29.6093,66.1206,37.0247,38.2421,1.94218
1463611222,-51.1369,12.7805,24.7711,29.7104,65.9702,36.605,38.0442,1.9016
1463611262,-51.6447,12.7956,23.4419,29.9912,65.9428,37.7005,38.3703,-0.0181728
1463611302,-50.329,14.2961,24.6097,30.9197,65.9305,37.2681,37.3068,1.61717
1463611342,-48.7908,14.2318,24.6839,30.8911,65.9296,36.0521,37.2263,2.45947
1463611381,-48.797,14.7295,23.5045,30.8017,65.6859,36.8786,37.7309,0.512612
1463611421,-48.3889,16.1054,24.9617,30.0802,65.0984,36.3679,38.8578,2.69862
1463611461,-48.1987,15.9101,24.2485,30.9486,66.0629,37.3517,38.1902,1.12666
1463611501,-47.6944,16.894,22.9711,29.8426,64.759,35.0509,37.9069,2.32971
1463611541,-46.7836,16.5933,25.9296,31.8763,65.1445,37.8782,38.1552,1.45654
1463611581,-47.1743,17.727,26.285,31.1353,65.7927,36.8998,38.6413,2.4428
1463611621,-46.6572,18.0184,26.0841,32.7399,65.7563,37.0086,37.8351,1.00294
1463611661,-45.0261,18.2946,26.4025,33.3995,65.5695,36.8142,38.461,2.39559
1463611701,-45.6061,18.5503,26.4365,32.1928,65.5094,35.8297,37.0041,2.14446
1463611741,-44.8175,18.9732,26.6489,32.5902,65.4782,36.6233,37.906,-0.40075
1463611781,-44.1798,19.6456,27.0644,32.5256,65.8782,37.01,37.2274,1.78378
1463611821,-44.0831,20.442,26.098,33.4586,64.3124,35.3319,38.7775,2.92531
1463611861,-44.0747,19.7561,26.3156,32.6255,65.3516,36.3559,37.625,1.06389
1463611901,-47.6495,15.888,25.1672,30.8741,64.1009,36.4069,38.355,1.78967
1463611941,-48.0151,15.2618,23.5405,30.9526,65.6162,36.2763,38.3828,3.05242
1463611981,-46.8018,16.8745,23.4663,29.9411,65.546,36.1051,38.1493,1.68595
1463612021,-46.5801,16.5138,23.0673,30.7118,66.1767,37.3007,38.0592,1.43951
1463612061,-47.7633,16.8072,22.4655,30.7272,65.9316,37.1625,38.2277,2.65412
1463612101,-46.7777,17.3889,23.4141,30.6272,66.5615,37.4608,38.0126,0.467119
1463612141,-46.6211,17.307,23.1012,29.7093,65.3635,37.1093,37.6062,1.56664
1463612181,-47.0657,17.6589,23.2301,29.3223,66.1106,38.4885,38.0135,0.254379
1463612221,-46.3345,17.4252,24.113,31.0134,65.5318,37.0872,37.9002,1.49714
1463612261,-46.3412,17.486,22.6276,29.7628,65.9577,37.062,37.4286,0.38412
1463612301,-46.9023,17.6325,24.216,30.415,66.0785,37.3819,36.6722,0.505979
1463612341,-47.1741,15.5871,23.1161,28.5358,70.1355,43.8471,38.8144,0.872584
1463612381,-47.6598,16.0272,21.9071,29.1203,69.6506,41.8068,38.5474,3.06095
1463612421,-48.1419,15.6649,22.7634,29.2867,69.9155,42.2656,38.8723,2.06958
1463612461,-47.663,15.6738,22.0037,28.5001,69.3531,41.9301,38.0415,-0.290378
1463612501,-47.4258,15.6006,22.2105,29.6389,69.1839,41.655,38.7538,2.93496
1463612541,-47.2947,15.314,23.6883,30.1103,69.5316,42.601,39.0915,-0.038202
1463612581,-47.3473,15.6515,22.597,28.9229,69.4701,42.5734,39.1099,2.18958
1463612621,-47.2261,15.3957,22.2549,29.4455,69.6453,41.9831,39.2752,3.10335
1463612661,-47.6625,15.7543,22.9803,29.5335,69.0494,43.276,39.3825,1.05475
1463612701,-47.5013,15.965,21.6183,28.6971,69.4157,42.2533,39.3283,2.48959
1463612741,-47.8511,16.1165,22.2234,28.976,69.3849,41.5589,39.5566,2.68067
1463612781,-46.8586,16.2413,22.7635,29.264,69.4068,42.9378,38.6935,0.681695
1463612821,-44.3623,24.1209,22.1292,30.4846,69.6525,43.1142,38.9753,2.34657
1463612861,-45.7194,15.2033,21.1542,30.6832,69.4482,42.2418,39.0296,3.6703
1463612901,-44.9146,15.4224,22.0296,30.2864,69.11,42.0513,38.7396,2.58249
1463612941,-44.9222,15.9309,20.9624,30.3513,69.8048,43.7682,38.2699,0.263318
1463612981,-44.7513,17.2547,21.988,30.0595,69.9539,43.7061,38.9494,1.86739
1463613021,-44.8543,18.1348,22.3762,30.59,69.4581,42.7358,38.6558,2.01057
1463613061,-44.9981,17.8888,21.4164,30.4728,70.0396,43.2003,38.8985,2.29026
1463613101,-45.5898,17.5557,23.2358,30.5178,69.3398,43.108,38.8638,0.121049
1463613141,-45.6261,17.7356,22.6202,29.5344,69.7986,43.4599,37.5916,1.40542
1463613181,-45.8295,17.1277,23.196,29.7043,69.995,43.4745,38.9321,1.86106
1463613221,-46.1708,17.2529,23.4273,29.7954,69.2923,43.2473,38.0687,3.18458
1463613261,-45.2152,17.3319,22.9625,29.7415,69.6923,42.6773,38.3951,1.82932
1463613301,-46.6175,16.178,23.1921,29.2645,69.37,43.63,37.9884,1.27337
1463613341,-45.5044,17.399,22.6148,29.311,69.2677,42.4197,38.9293,1.63444
1463613381,-44.7212,17.6682,24.3981,30.3983,68.696,41.8878,38.1284,0.802655
1463613421,-45.817,17.4433,23.0348,29.6379,68.4099,43.5586,36.9946,-1.46224
1463613461,-44.4958,17.4492,23.1257,29.4476,68.3976,41.7854,37.355,0.790719
1463613501,-44.4843,18.0975,22.6825,29.151,67.6916,41.6488,37.409,-0.108375
1463613541,-45.5223,17.6451,22.322,38.7491,67.6193,41.225,37.7488,3.08017
1463613581,-45.0856,18.7767,23.4585,28.4587,67.5674,41.7769,38.3707,0.277616
1463613621,-44.8797,17.8002,22.3071,27.5152,68.3719,42.0972,36.7787,0.558771
1463613661,-45.658,18.2841,21.9875,28.2871,67.8271,41.1291,37.143,0.614483
1463613701,-44.9513,17.4657,22.7952,27.4232,68.0506,41.696,37.779,0.320512
1463613741,-45.1513,17.462,22.807,28.1554,68.7808,41.6407,37.6774,0.7298
1463613781,-45.6021,17.395,22.0706,27.7078,68.9868,42.5149,37.4631,-0.760571
1463613821,-45.5445,18.0072,22.7152,27.5138,68.5011,43.1064,37.4575,1.07873
1463613861,-44.9262,18.2243,21.7646,26.9852,69.7283,42.8456,37.9911,1.08401
1463613901,-45.6625,19.8557,22.116,27.7518,69.7202,43.4603,37.2955,0.0145402
1463613941,-45.928,18.3203,22.2974,28.407,69.3675,42.8482,37.352,1.77807
1463613981,-45.1234,18.2634,21.7728,29.2249,69.5844,42.6948,37.2746,-0.604752
1463614021,-43.0232,16.5536,31.8101,30.7259,70.1128,43.1758,38.1845,1.38799
1463614061,-40.3607,14.3775,26.2274,30.797,69.7803,44.3487,37.9416,0.986242
1463614101,-40.7197,14.3162,23.4138,29.5835,69.813,43.568,37.7152,1.60832
1463614141,-41.3178,15.1454,24.0859,28.9853,69.6041,43.1067,37.0411,1.14417
1463614181,-40.653,15.8073,24.349,29.3504,69.9898,44.1474,36.8268,-0.295649
1463614221,-41.9826,15.8401,25.684,29.3567,70.225,43.3181,37.4354,1.13812
1463614261,-42.6416,16.0474,25.3435,28.8712,70.5312,44.2648,36.2442,0.171401
1463614301,-42.7487,16.5396,22.3161,28.8391,70.5135,43.5177,37.1862,0.412344
1463614341,-43.1725,16.9158,22.2852,27.3657,70.9453,44.3471,36.8565,0.702571
1463614381,-42.9019,16.5425,22.9861,27.0875,70.7795,45.0889,37.1797,-0.282106
1463614421,-42.9216,17.2388,20.288,26.814,70.8613,45.0879,37.021,1.36604
1463614461,-45.1216,17.0409,23.2634,27.3527,69.7153,43.8857,36.7472,0.0169759
1463614501,-44.5314,18.1456,21.7701,27.5792,74.5839,49.7593,38.1259,0.747827
1463614541,-42.6486,20.6152,21.0722,27.635,68.296,40.966,37.282,0.628479
1463614581,-44.9122,19.1532,22.9285,28.4477,72.3475,44.5853,38.1046,1.79874
1463614621,-45.8304,18.6551,21.006,28.1783,71.2575,44.3263,36.4041,-0.671984
1463614661,-46.2599,20.0522,21.1544,28.0162,71.5523,44.5069,36.6898,1.16038
1463614701,-46.7468,20.2763,21.7786,28.6325,71.8629,44.8037,37.2695,0.0828841
1463614741,-46.8825,20.6935,21.262,28.4838,72.0738,44.7632,37.1152,1.2226
1463614781,-48.19,20.6696,19.9824,27.845,73.1759,45.2434,37.2688,0.335305
1463614821,-49.2286,21.305,20.825,28.2494,71.7762,45.4001,37.0292,0.776588
1463614861,-49.0834,20.8129,20.0914,28.577,72.4724,44.4377,38.2682,1.79395
1463614901,-49.9002,20.6957,21.3641,29.1046,72.0275,45.4931,37.3976,0.07697
1463614941,-50.4682,21.4356,20.5704,28.1799,72.1318,44.9027,37.2687,1.04125
1463614981,-51.6972,21.7324,19.7467,28.1241,72.0974,44.9543,38.2075,-0.846067
1463615021,-51.3895,21.5072,18.7378,28.2299,72.0272,44.4106,37.7271,0.350703
1463615061,-51.3752,22.2287,18.6893,27.1886,71.5471,43.5599,38.1521,1.64359
1463615101,-51.6575,19.658,19.8755,27.8586,71.9819,45.2151,36.9722,-0.67914
1463615141,-48.6323,16.4964,22.6131,28.2744,71.8169,44.0304,37.5455,1.49105
1463615181,-48.0015,17.0454,21.9708,28.3598,71.6268,43.655,37.4337,1.56802
1463615221,-47.5634,16.9494,23.0111,27.5503,72.3557,43.5388,37.5836,1.59374
1463615261,-47.5724,17.5724,23.3425,26.9828,77.5353,45.5664,37.5104,1.73981
1463615301,-46.8581,17.5303,21.3547,28.2446,77.6426,43.9808,37.3598,3.52613
1463615341,-47.6506,17.7299,22.6586,27.8039,77.0502,42.9331,37.8622,3.29184
1463615381,-47.8083,17.5588,23.1101,27.6018,77.0323,44.1054,36.991,4.18381
1463615421,-47.1381,16.5726,21.7112,27.3538,75.2285,44.0191,37.8833,1.17519
1463615461,-47.0539,16.3955,22.7501,27.8403,74.0776,43.557,37.5515,3.98784
1463615501,-46.2375,17.132,22.4688,27.6382,74.2638,44.161,38.3701,1.64034
1463615541,-47.2824,17.3536,23.9509,28.0576,73.1614,43.0721,38.4767,3.06306
1463615581,-47.6513,16.9584,23.0468,26.8231,73.3078,43.6159,38.4511,1.57807
1463615621,-47.0186,16.7319,22.3501,28.2377,72.4196,43.0188,38.4561,2.72658
1463615661,-48.1512,17.3301,23.5926,27.4444,71.4512,43.3283,38.9753,1.55197
1463615701,-47.5601,16.7388,23.3598,28.6324,70.9006,43.3698,39.2139,2.57935
1463615741,-47.3522,16.1623,23.3821,28.7001,71.5365,42.8761,39.3314,3.23704
1463615781,-47.6721,17.2777,24.8135,28.046,71.648,43.0605,38.8829,1.55347
1463615821,-46.9589,16.536,24.1264,27.5458,71.2982,44.1572,39.1229,2.24737
